year,month,58504f6a006cb93ed40eec73,58504f6a006cb93ed40eec74,58504f6a006cb93ed40eec75,58504f6a006cb93ed40eec78,58504f6a006cb93ed40eec79,58504f6a006cb93ed40eec76,58504f6a006cb93ed40eec77,58504f6a006cb93ed40eec7a,58504f6a006cb93ed40eec7b,58504f6a006cb93ed40eec7c,58504f6a006cb93ed40eec7d,58504f6a006cb93ed40eec7e,58504f6a006cb93ed40eec83,58504f6a006cb93ed40eec7f,58504f6a006cb93ed40eec80,58504f6a006cb93ed40eec81,58504f6a006cb93ed40eec82,58504f6a006cb93ed40eec84,58504f6a006cb93ed40eec85,58504f6a006cb93ed40eec86,58504f6a006cb93ed40eec87,58504f6a006cb93ed40eec88,58504f6a006cb93ed40eec8b,58504f6a006cb93ed40eec89,58504f6a006cb93ed40eec8a,58504f6a006cb93ed40eec8c,58504f6a006cb93ed40eec8d
1981,1,75.1,38,10,6.7,14.3,15.41651836,40.58722503,28.33471794,12,14,8,0,3.4,2,27,8,8,1.5,38.36733107,11,46,19,12,2.2,6,4.6,7
1981,2,123.7,67,82,60.37651347,118.1,80.41624034,72,142,118,83,86,67,132.3,65,157,54,57,89.2,102.0206854,36,88,90,54,38,47,38.5,68
1981,3,106.5,145,176,109.2884627,139.7,123.7459481,30,128,79,67,153,147,149.1,120,172,103,115,149.8,130.2376144,90.06080331,107,135,133,62.6,55,91.4,213
1981,4,304.5,201,339,258.4,190.5,282.8734071,170,228,265,201,291,283,267.9,258,303,242,240.7018507,141.9,243.9351447,230.5667067,255.5,281,182,188.9,131,142.5,197
1981,5,273.0337342,176.2,363,191.1,171.1,260.7219265,244.7,237,267,206,293,155,305.9,290,279,205,179,256.3,247.6044875,183,282.8,219,133,210,136,148.6,276.4677475
1981,6,125.2375254,72.2,87,64.2,71.4,24,20.7,40,150,34.5,79,56,105.3,90,141,128,114,132.9,104.8222034,106,128.9,134,64,79.4,91,103.7,211
1981,7,20.7,114.8,67,17.6,16.5,27.90762794,21.5,52,57,37.7,59,42,42,120,65,89,126,38,47.21982529,37,130.3,176,56,74.9,93,102,63
1981,8,78.2,61.4,90,54.1,22.9,52.14705311,52,164,86,77.8,65,109,125.5,125,119.9,116.2,118,141.3,123.0058173,70,128,91,91,91.7,37,48.6,163
1981,9,91.9,22.3,80,45.4,56.6,31.98771634,14.5,35,97,73.3,112,93,133.2,165,98.3,116,58,81.2,58.73843372,64,77.4,93,95,51.2,57,95.1,164
1981,10,151.4,202,218,120.7,123,169.0778299,105.5,129,155,132.6,153,209,184,180,130,169,179,73.4,150.616161,131,153.2,163,162,165,271,152.7,113
1981,11,141,148,225,221.1,160.8,191.4850713,213.7,89,55,62.7,155,179,157.3,120,130,66,170,105.5,190.6334418,130,168.4,175,80,68.2,65,99.5,142
1981,12,142.9,61,49,41.8,92.1,81.50669784,65,85,123,64.5,90,25,97.3,20,143,99,28,53,119.2554295,115,76.1,167,50,98,34,65.6,144
1982,1,178.1,112,141,112.9,72.8,190,71.8,60,45,47.1,51.97467433,119,132.1,97,89,75,114,142.5,117.895563,89,94,93,62,59.6,65.97028535,69.4,135
1982,2,157.2,191,203,98.4,100.8,147,112.7,85,129,132,113.5774076,48,107.2,100,164,54,29,166.6,119.4939141,116,85.7,62,36,70.9,75.78166421,90.9,78
1982,3,181.1,132,247,129.9,174.9,228.5,109.6,157,52,177.6,121.8293629,110,101.6,93,99,55,161,157.8,135.1353361,59,99.8,99,90,44.7,44,82.8,118
1982,4,325,238,360.2006888,210.7,182.2,309,320.3,187,122,103.8,176.4489005,91,220.3,90,265,110,155,109,221.7318933,141,151,156,138,105.6,81,93.4,212
1982,5,94.1,93,314,111.7,78.5,147.6006457,73.8,188,128,112.8,168.1577567,144,176.1,285,233,166,189,116.9,176.9866548,114,266.7,330,180,166,198,224.1,207
1982,6,60,2,430,36.4,9.8,33.24816199,0.2,41,15,6.3,41.26024525,28,32.8,120,40,63,55,48.3,50.75448151,59,86.8,80,81,28.3,68,39.2,35
1982,7,76.5,11,20,20.1,18.1,22.93067399,9.9,29,16,32.5,36.47459379,33,26.4,40,39,17,49,20.4,44.07475819,9,71.7,41,17,13.7,34,32.6,55
1982,8,7.6,18,4,7.7,8.7,9.519399015,9.7,0,0,0,14.46834312,2,6.4,20,5,23,4,6.1,19.60174577,8,4,22,32,20.2,42,43.2,17
1982,9,98.1,79,169,59.8,103.9,92.78681278,119.4,66,61,102.5,91.39054042,93,132.6,130,127,121,135,54.1,86.02761782,63,137.8,140,82,78.2,113,140.6,247
1982,10,153.8,192,233,157,77,197.4500303,170.3,135,214,94.1,170.9632523,264,228.1,243,301,140,145,223.3,207.7426423,145,254,107,109,215.7,151,122.3,277
1982,11,261.1,143,365,151.1,90.7,196.9013693,149.4,71,102,60.3,150.533122,135,103.4,160,152,89,43,161,227.4693357,104,97.3,76,49,54.6,76,58.4,158
1982,12,174.4,197,150,115.7,110,174.9660305,184.1,158,73,109.8,150.8106354,94,166.5,45,73,28,49,98.7,150.53454,59,34.8,42,14,85.66189331,52,39.6,65
1983,1,31.2,26,17,4.2,20.1,24.485673,32.9,8,20,79,31.1819262,21,22.6,36,7,1,65,8.7,15.92493778,0,29.2,57,36,14.91467353,0,3.8,4
1983,2,25.6,13,40,7.8,4.9,38.79274384,28.6,7,7,14.8,23.28370196,19,57,23,34,12,52,34.9,33.73924013,0,46.8,50,12,21.7878635,21,16.6,45
1983,3,224.3,277,242,113.2,103.1,218.7146164,177.6,153,170,165.2,157.5410957,95,124.8,230,112,125,115,135.4,180.9754787,67,185.4,150,83,94.46315995,70,88.1,140
1983,4,219.8,382,297,253.5,129.7,271.9844625,231.4,225,145,191.4,170.2539713,306,312.4,361,296,253,169,305.3,216.6156678,238,232.9,182,234,225.6141699,188,206.9,304
1983,5,159.3,149,105,92.6,79.6,109.0214893,109,122,114,172,199.0450266,204,201.2,205,264,128,144,165.2,156.5392565,164,142.5,155,98,160.7078497,215,168.4,285
1983,6,84.6,51,32,8.6,19.5,28.65501467,66,34,80,21.4,40.17404824,30,42,52,70,92,132,82.3,66.22634673,17,97.4,81,43,44.10892171,60,35,77
1983,7,59.2,59,31,37.4,36.2,21.096047,23,35,14,25.9,25.8320601,43,52.9,39,47,52,84,42.35643841,38.12509717,51,77.9,88,41,39.07079528,37,34.7,31
1983,8,15.8,31,11,11.4,6.6,8.099248873,0,9,8,4,27.32377651,19,66.1,132,30,14,93,29.5,41.83027631,39,75.8,59,61,75,71,27.7,15
1983,9,38.5,14,10,18.5,20,12.16525029,27,58,31,25.1,39.71647418,82,125.8,68,86,117,65,73.3,44.46416807,66,64.8,99,131,42,63,46.3,47
1983,10,167.9,66,143,67.2,49.1,145.8328975,339,118,149,97,94.2,144,73.8,157,185,89,120,126.6,188.3,127,219.6,79,90,72,83,116.3,209
1983,11,88.4,154,69,149.4,74,146.8307964,342,97,58,26.9,78,96,80.3,95,132,79,84,112.7,86.5,90,113.2,115,65,98,102,85,146
1983,12,188.2,160,242,108.2,82.9,166.7374279,315,37,75,62.6,92.2,225,166.7,161,165,136,166,117.5,123.1,136,120.3,80,48,162,84,84,191
1984,1,111.1,119,181,94.1,121.7,149.923502,340,60,115,59.1,127.1,182,196.1,141,232,70,118,171,141.4,147,80.8,175,103,89,73,44.6,140
1984,2,223.8,171,164,118.7,121.4,144.405656,136,156,120,159,153,71,110.7,173,100,133,146,219.4,145.2,141,210.7,119,92,179,107,118.5,203
1984,3,72.9,79,84,44.2,16.1,89.14233612,145,102,67,39.9,59.3,160,70.2,107,136,151,73,158.3,107.3,40,102.9,74,77,84.5,78,76.2,146
1984,4,231.5,254,258,134.4,106.9,173.0101118,160,131,130,146.7,138.5,252,262.4,272,325,241,190,93.9,220,159,105.4,229,197,163.5,121,151.3,300
1984,5,189.5,108,173,108.6,69.8,156.6109855,192,116,33,67.2,102.1,162,142.2,150,234,158,222,173.9,68.8,73,172.1,196,171,93,108,119.3,146
1984,6,166.8,215,73,95,62.1,107.9954682,45,91,103,104.4,72.3,130,196.6,169,330,93,247,126.5,108.6,116,160.9,115,127,72.7,79,77.4,91
1984,7,107.3,105,113,35.3,18.8,53.07115423,57,100,46,89.1,99.4,92,49.7,162,76,62,251,51,42.2,78,119.3,129,103,76.1,115,154.8,162
1984,8,110.4,184,87,74.4,67.2,81,115,100,83,142.4,100.5,147,112.9,110,126,104,188,114.4,124.5,92,117.1,115,68,111.6,114,111.9,143
1984,9,287.1,242,230,168.3,103.8,211,278,173,203,148.6,220.1,175,105,145,151,133,236,136.3,177.5,135,313.9,170,137,89.6,109,131.8,149
1984,10,269.7,273,302,144.9,124.8,189,293,129,229,142.1,237.1,195,247.3,252,322,200,304,196.6,240.4,213,410.9,334,229,175.2,233,203.8,440
1984,11,177,206,170,69.9,89.1,111,206,167,119.7045839,190.9,96.1,156,188.9,142,147,118,211.4,203.5,170.1,160,284.3,197,97,193.2,169,152.3,238
1984,12,84.1,76,109,140.6,73.2,98,263,35,72,106,64.6,96,98.5,66,90,46,47.8,47.2,104.2,63,111.2,90,41,76.7,44,47.7,87
1985,1,126,220,96,50.8,61.5,113,164,61,64,47.7,57.1,69,169.1,74,98,36,71.9,59.9,81.7,43,104.2,65,32,35,18,41.4,117
1985,2,21.5,136,10,5.3,19.3,12,84,17,74,50.5,20.3,5,9.8,53,24,4,15,15,7.8,0,32.2,14,66,21.6,22,12.3,101
1985,3,166.3,212,135,118.1,103,84,100,161,263,112,236.7,104,152.3,125,94,135,104,174.8,159,139,177.7,221,152,100.9,125,127.9,157
1985,4,110.1,159,117,31.5,63.6,55,116,47,58,64.2,103.8908015,6,78.2,170,146,24,96,87.3,132.4,33,165,132,95,36.7,115,122.6,60
1985,5,95.4,254,90,65.7,70.8,101,111,121,152,166.7,129.3,85,144.4,168,103,103,98,110.8,79.9,154,205.6,124,87,102.9,93,89.6,126
1985,6,96,51,11,17.9,43.9,123,45,81,46,55.3,76,36,138,55,57,80,73,167.2,64.5,84,49,61,31,17.5,63,23.9,26
1985,7,35.3,37,13,54.3,20.9,26,18,27,72,39.1,24.7,52,71.2,56,75,47,72,109,59.3,50,56.8,33,48,19.3,30,42.3,86
1985,8,61,75,57,30.7,68.6,58,65,78,125,137.6,118.7,73,152.1,124,198,87,155,93.3,103.5,75,126,101,75,117.2,115,136.9,164
1985,9,270.4,205,229,92,136,147,221,145,202,191.3,176.6,149,108.1,215,116,93,221,218.9,191.8,88,113.7,157,139,114.6,89,132.6,182
1985,10,191.3,113,260,105.8,128.8,206,255,156,100,136.5,121,89,109,87,100,65,116,169.8,97.1,72,193.8,132,40,63,62,59.2,126
1985,11,196.2,157,155,66.7,94.9,83,146,73,125,113.5,78.3,117,180.7,72,179,69,158,127.5,118.5,98,171.1,81,63,79.9,103,71.5,173
1985,12,67.7,43,127,36.8,55.5,74,24,30,73,82.6,55.3,45,86.3,36,53,29,66,126.7,237.6,17,58.6,34,35,40.5,34,26,105
1986,1,188.8,100,144,70.7,77.8,246,257,71,52,113.9,30.6,73,91.8,183,109,124,72,114.5,135.8,126,99.5,128,85,103.5,139,84.9,210
1986,2,147.4,214,218,108.8,65.2,170,222,63,144,37.3,93.5,60,174.5,76,180,73,121,152.3,142.7,45,96.8,104,61,81.4,112,108.6,165
1986,3,145.7,51,74,99,148.2,54,105,79,110,120.8,121.8,82,119.2,178,147,169,161,174.1,122,67,169.5,121,82,68.2,155,128.8,173
1986,4,280.5,279,204,156,122.7,125,247,170,191,102.5,182.4,178,244.9,191,183,179,121,172.6,322,148,148.5,138,120,133.5,174,181.3,240
1986,5,122.7,200,74,87.9,102.6175474,16,65,80,84,65.5,51,150,115.7,207,143,99,106,183.2,56.6,140,131.9,103,113,192,168,156.2,168
1986,6,166,44,49,43.8,88.5,0,45,65,85,32,87.7,96,134.1,181,202,97,102,116.3,47.6,87,112.8,204,66,59.2,68,95.7,182
1986,7,3.7,8,6,13.5,25.8,0,7,3,0,30,2.2,22,2.3,11,2,4,9,26.4,8.4,2,8.8,19,5,30.3,30,45.6,0
1986,8,60.9,37,20,64.4,32.6,4,35,14,48,47,55.6,37,91.2,81,85,81,108,74.7,76.7,26,131.4,150,108,54.1,59,102.8,96
1986,9,92.3,112,41,82.6,58.3,4,91,61,77,110,118.6,90,108.4,82,127,128,86,112.7,149.6,91,158.5,134,37,142.1,64,68.1,83
1986,10,297.2,249,270,207.5,193.8502611,316,285,199,237,167.6,358.9,231,352.2,124,394,220,333,208.7,186.6,172,220.5,213,133,160.4,128,109.9,455
1986,11,172.9,112,73,89,102.6557722,149,93,60,59,98.9,160.1,124,119.6,79,126,66,277,151.6,233.8,57,113.6,142,40,42.8,150,85.9,204
1986,12,15.2,40,50,34.5,3,19,5,17,66,14.5,55.5,0,14.8,30,0,2,10,32.9,8.7,3,69.2,9,28,6,9,33.9,37
1987,1,62.7,36,48,15.8,43.9,37,64,23,56,20,86.5,20,42.2,80,60,53,36,25.2,27.8,29,34.8,38,38,19.5,34,44.1,26
1987,2,43.6,45,69,32.8,56.2,54,57,76,49,26.3,66.2,27,31.2,65,29,17,47,85.1,36.8,9,39.8,66,96,19,11,28.8,35
1987,3,114.5,135,226,130.9,137.1,179,156,71,135,35.5,64.5,25,149.4623975,140,84,120,171,116,138.6,39,124,86,71,52.4,115,105.6,226
1987,4,198.3,127,119,114,104.6,176,299,109,151,91,107.8,179,237.7,154.1107921,197,137,132,87.3,157.5,137,96.2,85,58,101.4,98,105.1,373
1987,5,116.7,75,208,77.9,140.5,121,329,72,96,105,137.6,129,262,100,284,125,188,233.4,211.4,108,216.1,80,39,116.2,113,128.5,252
1987,6,51.9,8,20,66.1,26.6,12,1,15,25,80,31.7,29,43.27957151,0,55,25,50,13.6,25.5,33,36.7,52,28,17.8,33,38.1,35
1987,7,69,31,110,25.6,21.6,36,33,45,65,117,54.3,105,95.21750237,120,162,95,131,80.3,77.4,109,113.8,165,174,77.9,142,180,162
1987,8,36.3,46,50,42.8,44.3,41,52,18,27,20,28.2,61,47.67130523,10,33,40,85,28.2,51.3,42,54.2,73,88,34.1,37,52.9,47
1987,9,119,166,155,149.7,90.7,73,176,84,71,96,65.5,170,141.2376508,80,214,142,190,101.5,113.8,104,96,246,113,105.5,183,140.3,192
1987,10,310.9,126,307,165.4,129.3,99,352,101,169,108,177.6,197,200.0727282,37,238,178,85,131.1,254.8,111,55,187,149,137.2,156,109.2,208
1987,11,251.1,100,148,75.3,61.1,67,124,72,12,40,74.6,197,118.3705288,65,100,26,57,68.7,84.5,42,7.1,55,43,49.1,82,45.7,169
1987,12,67.7,120,161,30,31.6,65,82,41,39,40,25.9,53,49.39754415,71,36,49,108,65.3,79.3,54,21.8,51,35,46,18,31.1,67
1988,1,55.7,63,155,35.91015115,44.8,25,42,22,19,27,22.4,52,40.09492571,21,34,18,85,47.5,73.9,20,41,56,13,1.5,3,16.5,84
1988,2,106.7,89,180,67.54981049,52.2,86,123,46.75083315,36,77,50.2,86,75.9116012,93,81,25,140,113.2,67.4,56,83,70,43,13.5,42,67,146
1988,3,72.7,15,50,39.82762516,35.5,70,48,17,43,40,37,55,61.53761498,38,53,33,65,44.1,34.3,19,38,70,38,58.3,51,34.5,68.67377036
1988,4,175.3,186,380,183.9639748,226.3,163,239,160,282,171,226.5,211,223.2202696,28,272,198,270,182.3,257,218,264,235,165,152.3,191,196,401
1988,5,82.8,118,170,83.58956592,105.2,71,98,71,36,12,50,151,104.3046479,72,92,104,265,88.8,92.9,124,168,81,35,74,111,156.7,177
1988,6,126.2,77,273,81.81725846,72.69197803,182,132,91,97,66,100.8,104,125.056248,142,163,103,90,112.6,97.2,128,73,88,82,138,142,163.7,287
1988,7,73,59,155,53.30577176,39.9,5,142,58,66,76,99.4,41,97.59233467,83,89,119,224,73.9,94.3,76,143,66,104,132.5,58,87.1,147
1988,8,105.7,107,172,67.8711735,50.6,76,106,72,123,73,78.6,91,117.8717702,163,129,163,249,93.8,76.2,56,268,293,171,79.2,132,168.6,79
1988,9,110.7,93,193,69.04475521,47,130,140,57,146,108,116.1,199,139.0201397,195,114,148,226,145.9,89.9,88,108,146,191,82.7,166,103.2,195
1988,10,123,75,230,124.8820696,122.4,160,191,87,139,82,85.6,101,171.2505689,110,171,197,191,87.7,148.7,95,154,135,135,134.5,221,155.9,259
1988,11,275.5,287,409,203.8461857,164.1,338,391,168,203,153,262.7,172,275.5707513,148,195,173,249,245.1,246.3,246,167,182,107,135.5,207,148.8,178
1988,12,180.1,73,133,103.5205131,63.6,162,166,31,67,84,104.1,147,181.3482796,98,182,116,144,109.7,90.3,206,124,101,60,74,52,70.5,279
1989,1,98.5,137,135,80.50540393,74.9,65,66,64,106,53,80.2,130,113.8330113,103,93,77,152,112.5,100.1,27,102,129,40,56.2,54,28.3,127
1989,2,87.4,103,165,83.40306459,47.1,153,84,52,104,91,15.7,30,80.3,78,41,95,193,50,74.2,102,110,90,61,123.9,113,132.3,88
1989,3,100.2,192,126,110.0217491,55.3,87,116,109,113,98,67.4,151,120.5,168,124,83,209,195.4,162.7,56,171,142,84,49.5,107,144,82
1989,4,151.7,94,176,108.3047069,73.4,55,107,93,32,98,72.2,87,128.5,144,123,95,110,125.1,122.1,137,59,63,62,51.1,91,50.7,68
1989,5,201.9,113,126,123.9866005,108.7,132,137,84,93,119,164.7,140,166.3,67,227,63,130,131.9,140.9,79,101,138,68,64.7,72,121.7,105
1989,6,82.3,8,2,39.28981444,107.6,16,36,61.59775228,73,101,85.9,66,60,50,138,45,165,134.2,102.2,29,129,121,63,51.5,23,72.2,136
1989,7,21.5,7,82,34.20190171,2.4,46,98,34.02710998,90,38,66.2,101,58,38,95,74,73,19.8,35.4,74,37,70,64,59.5,165,116.2,73
1989,8,48.4,52,131,49.75469672,31.9,19,45,42.43493613,36,28,33.4,50,118,85,102,87,59,56.4,29.3,101,60,107,52,67,49,72.3,176
1989,9,52.5,77,209,83.8694056,45.4,99,178,97.14460004,162,81,65.1,80,118,128,126,124,142,114.2240522,109.9,101,230,113,93,119,106,94,213
1989,10,230.7,101,167,121.3921826,86.8,90,233,133.8449803,199,171,228.5,142,186,175,171,91,220,108.7,161.9,134,284,187.9654437,83,111.3,129,111.3,303
1989,11,97.1,90,152,114.3647855,64.7,104,247,101.4495823,90,107,51.9,91,138,84,55,101,36,180.9,112.8,56,120.7668123,103.3400205,31,58.7,96,58,50
1989,12,208.9,42,128,82.52777921,74.5,133,47,68.52957147,133,74.21269691,85,43,99,79,43,70,118,163,84.8,55.54332645,78.76082407,79.11781989,34,52.5,94,36,49
1990,1,68.3,85,96,62.96912746,82.7,111,87,84,97,78.30633439,97.6,59,76,47,85,48,86,129.2,70.6,71.48318132,108,109,87,43.5,55,89,36
1990,2,177.8,170,167,113.0406459,64.5,174,441,85,105,0,78.8,135,55,71,81,43,30,119.6,124.2,84,56,56,58.00166329,43,51,46,140
1990,3,155,96,113,94.41293552,61.9,168,162,115,79,58,97.9,85,106,116,84,105,120.960553,89.1,75.1,82,198,73,64,110.5,102,111,172
1990,4,148.8,123,157,141.7813315,91.6,171,229,93,134,97,127.9975671,59,145,179,152,102,43,56.8,94.3,93,153,162,107,29.5,147,88,148
1990,5,30.3,16,31,39.20214784,26.5,34,86,18,85,35,107.5,80,94,124,84,23,121,37.7,38.3,38,135,101,71,34,54,92,97
1990,6,54.8,68,49,34.00185255,35.3,0,21,26,44,31,34.3,32,51,88,90,38,30,47.2,17.2,38,107,49,26,34.5,48,30,112
1990,7,33.7,21,39.98711842,26.2253826,24.6,31,62,69,60,33,49.2,58,115,61,75,134,116,44.1,70.9,88,82,80,81,86.5,49,58,56
1990,8,11,0,30.67973345,24.968945,24,53,29,83,27,16,31.9,21,77.1,58,42,23,78,49.8,22.3,21,97,62,49,13,20,78.5,48
1990,9,26.6,0,147,41.47693725,2.3,32,17,74,69,23,52.3,98,150,157,105,71,94,86.6,82.8,73,83,83,60,71,131,116.1,126
1990,10,235.1,262,495,203.4731234,167.6,251,363,169.2644461,170,215,157.2,192,267,319,339,242,279,250.2,238.4,196,154,199,141,138,191,144.9,343
1990,11,124.2,137,107,80.85194067,78.4,135,144,96.63755174,215,147,122.4,90,102,82,85,78,56,42.5,33.9,22,47,110,72,43,77,82.5,109
1990,12,218.6,74,170,127.739617,63.5,183,213,72.08377653,161,84,81.4,100,172,60,56,39,113.4097088,84.5,156.2,94,115,84,77,57,85.74355404,53,152.3027567
1991,1,9,7,49,23.94054882,15.3,32,119,0,29,26,44.3,11,13,25,18,12,25,30.4,54,33,72,23,4,6,0,12.5,67
1991,2,104.4,14,44,32.28473761,10.2,75,80,40,5,69,46.3,53,57,109,55,50,73.81334592,52,68.8,24,93,56,82,40,115,71.3,43
1991,3,134.6,190,187,150.5090377,139.9,190,214,137,120,77,99.9,179,147,149,208,74,193.4,151.2,142.8,113,221,164,52,63.5,51,40.7,157
1991,4,88.8,107,158,121.589773,108.1,133,223,88,81,115,61.3,186,98,105,119,106,192,109.4,97.8,119,143,133,65,87,117,102,117
1991,5,213.6,148,136,113.8023781,126.2,137,166,187,107,116,143.9,85,188,181,201,129,93,200,66.1,107,209,192,105,152,112,208,208
1991,6,60.4,70,16,40.81731283,15.9,29,96,49,21,5,45.1,63,59,102,74,72.5,52,86.8,36.5,63,99,156,39,72.5,98,92.3,50
1991,7,90.6,58,68,40.91834715,84.8,38,63,23,45,52,65.2,83,83,117,88,84,91,65.8,47.6,56,82,68,88,74.5,135,96.2,134
1991,8,13.6,4,15,17.90279519,35.9,156,13,10,27,35,37.8,17,24,39,0,26,56,14.6,55.2,29,48,64,36,8.5,5,49.6,25
1991,9,127.6,194,220,81.52393369,73.7,71,161,63,123,103,93.8,100,121.1,146,136,115,205,174.2,143.1,119,138,178,85,180.5,46,42.1,154
1991,10,114.9,79,157,91.07238273,65.2,107,79,46,27,85,96.1,90,57.3,39,71,11,102,58.2,46.5,91,55,69,106,16.2,79,89.8,173
1991,11,118.8,69,107,86.40572973,49.8,75,263,86,74,40,87.7,247,299.9,147,281,90,96,127.6,244.7,78,122,84,48,114.6,118,130.6,192
1991,12,32,17,32,59.17714768,21.3,0,86,49,65,40,54.2,47,111.3,55,129,145,51,57.7,84.5,38,117,69,19,59.7,25,45.6,67
1992,1,14.8,30,76,20.4,17.1,67,105,11,10,43,67.6,21,13.2,19,83,38,10,39.6,68.4,33,20,78,11,44.8,12,1.6,39
1992,2,179.8,77,119,87,50.5,93,70,36,70,60,55.5,60,103.1024904,165,63,120,119,42.5,61.8,93,138,86,180,71.6,164,204.2,156
1992,3,50.3,23,23,24.8,58.1,48,39,46,63,53,66.6,34,111.3065529,62,79,58,66,173.2,142.7,30,27,125,83,18.9,38,39,89
1992,4,69.4,87,170,60.3,95.4,153,111,68,113,96,89.5,77,119.2779171,156,160,99,85,109.2,124.2,114,125,104,119,130.1,123,164.7,168
1992,5,115.1,86,57,66,45.2,47,39,82,78,59,63.7,133,125.591792,150,154,87,218,134.7,51.9,131,94,86,55,76.1,91,117.5,151
1992,6,10.6,0,34,3.4,10.5,0,15,67,46,32,44.8,33,41.25866336,80,41,38,52,4.2,4.6,22,42,68,43,43.4,25,24.5,58
1992,7,18.2,15,0,22.4,51.1,15,19,22,7,5,18.6,32,46.98371078,87,60,105,191,30.6,24.2,55,76,77,51,103.5,46,61.2,61
1992,8,17.9,11,0,6.9,8.8,26,10,30,49,22,49.2,39,56.6187919,71,30,30,29,11.8,44.8,15,69,58,75,33.1,25,34.6,67
1992,9,126.7,162,190,99.7,145.7,115,142,116,126,106,112.8,67,122.7180128,153,84,123,129,97.7,177.6,119,143,251,72,73.7,141,156,176
1992,10,140.1,58,56,59,18,139,73,78,45,63,45.8,70,124.1103616,146,83,75,105,70.4,81.2,57,70,124,46,42.1,37,75.5,168
1992,11,141.9,209,286,137.1,64.6,193,370,141,171,158,165,85,178.9686562,123,146,77,180.041168,115.6,109.6,47,147,139,90,83.1,73,95.3,252
1992,12,138.5,23,105,76.8,59.8,65,93,114,136,160,176.2,42,87.41559639,63,45,192,96,88.7,129.7,29,62,58,43,19.6,68,45.3,117
1993,1,126.4,57,74,38.6,68.1,67,106,52,35,38,24.4,108,98.03974312,51,22,63,103,58.7,72.5,61,95,79,9,33.8,10,35.2,118
1993,2,164.3,98,126,130.3,28.3,147,224,59,33,62,173.9,85,82.85293281,96,59,31,56,66.6,106.2,33,78.22769209,99,56,25,60,50.5,136
1993,3,248.5,148,174,156.6125453,145,61,150,149,76,144,144.7,103,160.6282631,116,157,92,174,134.9,176.2,119,203.5008534,248,123,69.3,65,70.7,267
1993,4,247.3,226,144,151.4,84.8,154,311,103,120,112,104.1,104,203.2519982,139,228,217,124,128,100.1,147,207.0605714,183,95,196,172,172.7,217
1993,5,294.8,98,203,202.4,148.9,12.3,152,87,153,115,122.1,113,176.6352899,116,125,152,144,132.1,106,175,187.6324421,126,93,75,83,112.1,199
1993,6,22.5,19,39,14.6,3.7,5,5,9,16,63,62.6,34,26.9,90,27,20,83,51.8,30.3,43,57,113,91,36.4,57,69.8,127
1993,7,37.2,26,56,3.5,13.1,2,10,39,30,0,63.4,48,48.24729754,29,34,14,2.8,44.6,49.1,21,80,81,85,35,23,38.7,33
1993,8,49.2,49,3,10.5,9.1,4,6,3,21,31,32.4,46,53,32,47,124,4.2,39.1,61.1,7,61,38,75,35.1,89,71.3,87
1993,9,128.7,105,143,139,99.8,109,129,142,191,173,186.6,167,190,93,177,107,9.5,151.8,183.8,140,199,132,93,117.9,135,119.3,143
1993,10,89.6,68,181,73.6,102.2,48,109,57,134,66,117.5,63,142.4,220,62,12,102,62.3,89.2,58,112,157,53,81,163,102.3,80
1993,11,258.9,294,411,152.1,131.6,283,323,169,112,167.1534638,162.5,191,168,200,87,63,197,197,140.8,172,221,211,173,177,223,185.8,249
1993,12,60.7,82,120,93.3,62,120,116,67,64,79.89565133,61.1,142,99,68,128.9257667,5,101,52.8,59.8,47,101,97,72,52.5,86,133,110
1994,1,192,75,145,74.4,116.2,89,94,80,74,77.31522157,116.3,72,196,82,132.0599544,14,161,123.5,146,70,134,97,41,71.06346882,51,73.4,209
1994,2,224.2,89,131,66.1,114.3,77,45,108,111,131,115.4,94,78,133,114.8224881,93,160,42.4,79.6,87,111.6970505,131,50,102.2667211,47,73.3,110
1994,3,272.2,265,187,233.7,127.1,209,254,167,136,100,208.7,175,230,231,210.4492677,82,158,269.4,177.3,91,151.3238821,130,142,87.7,134,92.8,239
1994,4,216.5,317,384,262.9,177.9,235,354,159,118,184,193.9,158,200,191,201.5253988,52,115,177.9,164.9,158,170.5819401,150,120,104,170,135.9,230
1994,5,214.0353175,186,342,109.9,52.5,152,135,89,165,135,131.6,172,107,153,161.4399215,141.8465768,139,108.9,194.8,88,73,118,72,159.8,83,96.1,114
1994,6,6.7,20,40,38.5,20.4,24,0,45,44,16,46,23,75,76,58.21308329,50.32304686,42,17,26.3,27,64,73,17,65.1,17,47.9,31
1994,7,62.6,44,22,11.8,15.9,10,26,33,38,15,30.9,6,8,67,28.61278794,34.10343315,25,51.5,40,14,48,52,50,8.5,58,62.4,9
1994,8,30.5,8,20,12,9.5,0,14,52,17,35,77.6,42,15,101,52.28894065,59.0696291,62,47.9,40.8,28,77,157,104,47,165,119.2,44
1994,9,70.5,98,120,46.9,36.2,32,138,80,84,122,125.8,78,92,44,91.83873514,101,40,37.6,64.7,84,88,113,122,26,56,87.7,51
1994,10,183.7,110,497,148.5,179.6,162,257,156,179,144,258.4,192,176,201,235.170246,125,138,250.8,250.7,173,207,170,126,123.6,187,159.7,306
1994,11,222.1,345,499,231.3,109.7,238,170,167,20.9,247,196.6,169,295,210,196.868431,279,169,168,154.7,113,215,201,98,142,122,161.3,336
1994,12,78.8,101,168,59.7,25.9,55,167,59.27327671,10.8,71,92.8,39,74,36,13,59,10,34.6,43.1,54,166,28,68,38,45,38.4,137
1995,1,89.3,22,60,34.1,10.8,56,75,4,12,2,30.2,4,20,4,2,0,15,29.2,55.7,0,24,26,0,5,24,22.8,21
1995,2,12.6,0,79,13,11.9,72,23,8,15,37,13.3,17,30,26,27,35,64,42.7,20,39,48,48,19,28.9,21,2.4,87
1995,3,171.7,167,234,78.4,111,107,112,108,70,63,133.6,89,256,206,269,89,144,153.8,173.4,74,275.4,112,120,152,80,124.6,192
1995,4,151.8,147,163,89.6,64.1,79,194,179,134,238,282.1,209,271,202,250,179,211,308.2,202.9,226,180,222,185,222,255,246.6,304
1995,5,204.9,89,113,60.4,66.7,65,141,30,66,130,98.4,125,168,164,70,86,118,107.6,89.5,102,323,175,105,94,84,86,200
1995,6,172.6,150,23.6,75.98679247,56.1,91,162,69,56,22,87.3,99,112,82,118,74,107,86.8,45.4,106,82,103,74,73,104,68.6,183
1995,7,135.1,54,85,68.8,43.3,241,121,111,107,145,119.3,118,139,152,196,19.1,156,114.4,73,91,109,251,160,149,139,115.5,137
1995,8,21.5,12,110,67.1,9.5,44,34,74,41,30,89.9,24,44,125,50,82,97,38.5,37.2,96,96,100,101,70,37,24.9,106
1995,9,49.7,65,180,63.1,97.9,103,132,142,128,112,122.3,26,9,112,76,75,115,101.2,108.4,54,130,130,62,57,65,73.2,97
1995,10,157.5,171,297,174.4,145.1,186,282,133,167,161,187.2,221,253,96,113,259,108,185.1,165.8,219,161,106,122.4,150,126,122.3,184
1995,11,100.5,112,195,110.3,48,116,101,62,103,78,96.9,86,136,66,156,108,68,174.6,123,58,95,50,6,61,25,6.6,142
1995,12,192.7,40,220,63.4,26.9,60,111,62,122,71,103.1,93,153,82,116,90.5,101,68.6,78,61,95,59,53.4,48,35,44.5,99
1996,1,85.5,154,242,54.7,32.3,70,105,35,46,29,34.6,28,58,67,85,61,63,91.5,161.2,76,161,83,35,34,32,84.9,85
1996,2,83.6,232,147,111.8,71,126.6,103,88,64,30,82.7,92,35,221,87,58,174,121.1,101.8,53,119,83,108,53,94,84.7,151
1996,3,161,247,364,176.6,153.829689,275,208,144,118,130,119,73,122,160,205,173,171,181.5,124.9,193,265,118,77,124,122,80.9,237
1996,4,214.4,132,210,164.5,118.5,151,150,97,114,113,137.4,92,255,130,228,127,122,258.4,158.2,118,316,141,145,174,189.1,135.5,231
1996,5,129.6,112,185,149.5,126.9,98,247,140,204,94,181.1,103,150.8,294,294,192,246,169.3,124.1,104,338,248,160.2,104,204,195.2,198
1996,6,79.9,52,123,158.4,43,38,87,65,83,32,132.6,119,89,211,278,134,158,63.8,48.5,295,157,123,103,124.1,122,95.6,135
1996,7,65.7,41,73,58.5,25.3,39,27,75,86,34,68.2,46,96,90,32,81,38,126.2,79.2,71,81,68,66,95.4,22,36.5,122
1996,8,9.8,28,170,56.2,28,77,103,44,17,37,66.6,108,130.9,105,173,131,77,84.2,63.9,145,124,175,110,89.6,135,123,72
1996,9,130.7,109,168,114.7,67.8,129,81,141,55,39,114.6,96,73,108,189,130,58,56.9,115.6,59,51,81,92,156,102,80.5,131
1996,10,45.2,196,164,111.5,97.1,148,127,124,122,59,130.2,221,176,154,294,141,73,298.8,207.9,167,154,112,96,98,125,163.7,256
1996,11,132.7342382,81,149,62.2,59.5,72,206,67,96,39,116.3,47,150,130,100,113,88,46.3,74.3,103,107,113,79,93,88,58,185
1996,12,163.2,137,167,66.2,39.5,56,289,86,51,68,55.7,69,47,99,64,66,78,24.7,37.4,141,152,82,33,96.6,68,59.8,168
1997,1,206.3,161,305,133.7,33.2,331,297,128,74,118,154.4,212,196,141,261,120,156,183.6,106.6,82,91,68,65,96.1,92,85,228
1997,2,68.8,43,110,19.9,52.2,53,63,37,107,41,57.1,25,36,56,90,21,35,52.1,94.6,13,99,114,142,76.9,81,57,103
1997,3,146.5,167,175.5,101.4,96.7,168,205,134,130,96,127.5,113,90,151,99,144,117,139.9,150.9,113,153,108,117,140,182,117,165
1997,4,237.9,210,259,121.1,196.1,136,195,142,123.1723845,84,171.7,77,189,152,292,187,190,190.2,131.8,151,120,168,102,153.8,100,121,228
1997,5,137,108,77,39.8,35.6,58,124,60,57,64,85.2,64,94,119,108,119,88,102,79.4,70,161,179,66,62,66,84,123
1997,6,203,96,165,115.4,108.1,137,95,119,164,122,125.2,138,95,215,152,79,87,134.1,112.5,112,142,90,90,129.1,137,152,147
1997,7,3.7,0,0,0.2,0,0,0,13,0,5,19.2,6,10,25,0,31,12,0.4,5.9,17,5,16,65,26,24,53,1
1997,8,7.5,3,0,0,0.1,0,2,0,5,0,35.9,2,0,18,34,0,8,1.1,4.7,0,0,1,1,0,5,3.1,5
1997,9,128.6,110,102,86.1,41.9,62,105,83,78,90,137.6,123,97,170,136,107,228,52.3,54.7,99,147,175,113,127.8,197,162,223
1997,10,82.2,117,152,57.9,56.8,106,179,146,109,129,146.7,56,136,157,68,102,161,100,81.8,3,76,69,99,35.7,53,54,121
1997,11,231.5,192,250,222.4,161.4,154,151.4,117,133,121,235.5,112,155,159,127,228,156,104.1,287.2,277,144,99.1,93,144.5,190,136,223
1997,12,3.6,22,37,24.3,15.4,50,10,22,0,46,27.2,0,7,65,34,3,33,10.2,55.3,9,40,32,23,4.4,5,14,39
1998,1,17.7,23,21,12.8,0,15,18,9,7,0,25.3183473,16,10,49,26,8,10,16.4,27.5,2,9,27,10,10,6,11,43
1998,2,117.8,152,100,64.2,32.3,59,72,41,57,25,53.6,109,94,132,123,90,115,122.4,136.5,98,55,106,84,68,48,45,101
1998,3,80.4,136,238,89.2,64.5,119,134,80,70,139,161,124,179,134,116,88,156,93.9,203,122,186.9,120,38,94,103,63.3,272
1998,4,269.1,141,224,172.4,181,157,162,133,99,95,59.1,236,187,222,252,197,195,115.3,96.8,155,192.3,213,206,134.9,161,210.9,220
1998,5,167.3,199,181,144,145.4,161,238,146,139,141,183.6,110,209,287,229,245,212,152.8,142.6,257,303.7,222,167,205,194,187.3,233
1998,6,89.4,100,78,53.2,66.7,33,58,41,16,67,42.7,81,63.8,107,108,108,103,50.9,46,60,124.5,69,65,65.3,65,58.9,38
1998,7,100.3,57,44,33.1,22.4,6,63,72,15,41,15.8,169,84.31945849,82,174,123,90,55.1,37.2,144,53.6,121,59,109.9,93,66,147
1998,8,109.6,33,84,57.3,43.9,17,29,71,51,64,73.2,5,35,98,51,91,99,63.7,76.7,57,129.5,41,93,56.5,132,92.3,140
1998,9,165.7,131,148,125.9,132.4,153,157,164,214,103,111.4,86,199,223,82,195,133,201,179.9,138,155.4,168,169,121.8,182,107.1,166
1998,10,104.4,91,73,70.8,32.8,83,68,84,70,67,70.2,225,163,172,85,151,128,178.7,150.7,111,137.1,138,112,82.5,141,98.2,220
1998,11,94.7,93,125,215.5,152.1,126,164,103,125,121,148,193,191.4,161,166,53,132,115.9,187,184,97.7,210,209,112.1,136,132.4,178
1998,12,116,60,82,76.8,76.8,84,109,53,21,29,32.5,92,155.5,49,127,72,87,126,141.9,192,38.3,97,54,68.2,116,67,139
1999,1,134.6,116,126,124.4,75.3,142,232,44,63,84,90.1,71,143,89,88,54,110,162.4,177.6,93,114.3,110,93,29.8,52,49,88
1999,2,304.8,183,317,144,147.6,215,288,139,208,214,234.4,230,346,154,200,173,310,170.4,253.6048121,190,210.8,195,166,172,172,133,258
1999,3,159,100,172,127.3,54,185,126,43,59,122,98.16384859,165,144.4,158,56,92,199,75,140,68,80.6,128,93,90.5,162,164.6,226
1999,4,206.7,120,223,187.5,224.8,230,217,168,255,176,131.2,179,202,156,210,158,259,144.6,134.9,251,291.4,206,131,181.7,205,201.2,174
1999,5,171.1,44,95,90.6,86.3,129,133,71,92,79,129.5,63,104,166,180,132,204,115.7,98.9,89,177.5,159,161,141.2,158,180,174
1999,6,119.2,134,71,61.8,65,48,61,101,36,53,77.7,207,199,175,139,201,100,73,126.4,132,187.7,155,136,104.7,221,249.1,236
1999,7,22.1,17,6,6.6,8.3,25,35,8,37,0,26.7,35,28.2,30,53,89,128,40.2,15.1,33,75.7,51,69,55.5,43,35.9,109
1999,8,89.1,70,42,32.5,55.3,52,28,70,60,39,81.9,114,180.1,79,169,81,271,46.9,66.5,39,176,101,108,65.5,48,21.6,72
1999,9,138.5,41,185,136.1,119.2,130,94,140,165.3,159,138,159,273.7,242,281,148,106,233.1,162.5,193,385.1,209,230,136.4,244,209.7,334
1999,10,184.5,155,186,97.5,157,61,194,122,153,193,259,204,259.6,225,198,193,207,190.6,175.4,126,318.7,172,123,134.8,138,96.3,224
1999,11,213.9,69,141,112.7,105.6,89,135,64,243,101,149.3,137,195.2,137,159,165,142,236.2,182.2,130,111.2,197,128,117.7,247,102.5,218
1999,12,143.8,66,164,74.5,109.6,52,133,80,48,45,58,127,189,121,201,79,126,93.7,101.2,100,148.9,100,97,68,73,60.9,167
2000,1,172.1,92,132,67.4,32.4,110,140,34,85,59,56.25046248,80,34.7,75,119,140,158,81.2,149,139,73.8,118,55,68,97,107.6,149
2000,2,112.6,299,216,172.6,97.4,146,256,48,148,94,91,106,110.3,118,141,94,117,137.6,130.5,150,204.9,103.5,63,120,80,77.1,248
2000,3,165.3,199,296,90,114.5,118,142,112,177,149,154.1,106,188.4,331,193,179,123,76.6,133.4,116,153.9,170,102,160,107,147.3,231
2000,4,142.7,152,163,59.6,82.8,136,120,128,125,200,229.2,218,236.9,170,243,168,405,178.8,150.2,131,161.1,217,83,147,175,134.5,262
2000,5,228.9,181,163,183.3,163,108,113,111,93,144,109.4,153,235.2,248,265,243,204,181.3,171.5,207,287.2,178,203,281.3,211,251.9,270
2000,6,82.7,125,75,33.9,53.1,34,39,40,27,66,66.4,49,75.5,169,129,75,91,99.5,123.5,53,226.5,123,99,95.3,113,109,144
2000,7,43.4,93,14,94.3,74.8,26,38,64,55,50,65.1,11,25.4,73,43,59,98,31.1,25.5,70,73.1,90,53,55.2,39,60.3,133
2000,8,50.4,48,10,37.2,28.5,48,50,26,48,31,71.8,76,48.6,81,44,55,150,33.8,60.7,52,129.5,155,59,76.1,64,67.1,60
2000,9,192.2,85,91,95.3,67.8,79,93,106,99,47,90.5,168,201.3,166,192,164,173,69.6,106.2,96,283.9,120,113,164.1,135,133.4,212
2000,10,104,47,54,96.2,84.3,103,112,107,115,103,143.2,51,138.9334231,86,113,114,117,109.7,97.5,72,137.4,135,82,97.6,68,52,196
2000,11,121.6,119,206,91.2,85,138,210,67,113,98,142.7,103,132.1537615,111,132,94,95,111.2,161.4,110,163.1,118,47,55.7,109,74,170
2000,12,85.3,82,130,79,51.9,93,141,60,36,29,59.2,55,48,62,201,97,46,65,61.1,44,42.8,25,36,35.8,58,35,42
2001,1,139.1,128,62,77.5,93.3,127,98,31,54,41,78.5,88,86.2,103,49,63,96,57.8,93.7,18,77.9,91,44,17.4,11,26.5,86
2001,2,55.5,39,110,61.6,39.2,24,57,40,67,41,69.2,36,62,112,23,30,95,108.7,133.7,28,78,65,53,32.7,92,58.5,170
2001,3,140.6,50,262,126.9,96.5,166,162,107,124,77,120.4,140,176.1,171,177,66,128,112.2,149.2,92,219.8,130,60,75.7,110,92.5,140
2001,4,53.1,58,76,38,69.6,5,28,40,102,19,100.7754662,51,94.2,97,75,45,66,41.8,68,27,82.4,74,53,23.6,32,39.2,79
2001,5,64.8,59,120,92.5,111.5,84,125,85,72,49,132.8301585,69,188,201,134,169,175,134,163.1,141,265.5,149,138,141.4,173,187.3,159
2001,6,63.3,21,32,20.8,60.6,12,60,28,98,29,61.71667057,68,82,37,50,91,44,61.99225396,85.6,38,52.1,50,35,33.2,52,34.8,55
2001,7,29.7,32,30,23,15.5,25,31,15,12,4,35.00768914,36,61,187,92,174,141,64.28357221,46.5,40,91.1,162,80,118.5,135,102.8,49
2001,8,5.8,0,5,3,3.3,0,0,0,0,4,6.844929344,8,2,2,34,29,39,21.01067164,6.3,27,2,37,11,7.6,22,18.9,1
2001,9,103,82,176,87.8,48.7,109,197,78,92.82478783,67,107.122621,105,130,152,156.1600744,112,173,96.33518526,122.4,112,194.6,176,109,100,95,113.2,193
2001,10,72.9,20,100,37,63.4,37,118,104,27,57,114.725583,92.07110606,203.2,109.1311011,150,94.63436829,102.1731405,118.2327978,118.9,73.97895157,99.13778348,86.99921322,65.97438727,74.86064374,70.39748469,61,169.3691148
2001,11,137.5,161,152,69.1,72.2,110,297,161,121,79,134.4043778,119.4118377,178,163.9979535,198,126.7167506,189.4003929,128.86682,125.7,128.9349369,243.2485336,171.7223922,121.0675581,111.2792205,132.6040966,80.9,176.5817058
2001,12,189.3,125,197,106.9,116.3,156,147,103,104,40,129.2559641,97.89234217,128,120.564879,173,105.5982427,116.8910821,105.8884582,123.8,97.16036269,109.1565185,106.8033793,81.56034928,91.16590379,93.19250727,76.2,186.5869587
2002,1,46.4,99,33,10.1,30.1,25,93,14,4,23,50.35676223,54,54,21,11,50,32.49710906,55.77071783,21.2,20,30.9,9,1,19,1,23.8769784,21
2002,2,11.9,8,29,72.8,13.9,15,16,31,17,44,35.3,31,38.85708284,52,23,32,14,23.7,36.4,4,31.1,68,25,31,4,39.56490322,47
2002,3,220.2,193,134,149.8,81.9,192,183,101,308,234,223.4,125,153.5452375,86,113,123,119,134.6,236,107,92.5,149,133,84.4,74,101.3,183
2002,4,254.5,193,201,141.4,140.4,218,164,116,125,51,189.2,246,279.9,381,223,172,395,139.5,158.1,209,300.8,204,191,228.5,138,184.6,326
2002,5,163.9,126,92,63.5,67.8,46,59,15,37,22,18.3,36,108.7,192,129,79,152,97.84129755,65,80,123.1,69,89,71.4,29,44.8,171
2002,6,57.2,60,66,42.8,67,32,59,53,38,41,42,52,120.6,92,136,63,149,61.42800296,56.6,49,42.2,106,91,46,50,73.4,61
2002,7,55.3,10,2,22.3,27.6,20,23,37,43,90,44.3,85,106.1,69,55,101,102,50.14576466,31.7,98,49.6,139,25,70.1,28,19.4,95
2002,8,40.4,22,95,69.9,62.8,21,11,26,22,30,72.6,32,20.1,38,72,50,40,51.4319352,16.3,21,32.8,17,8,26.3,11,33.9,43
2002,9,58.7,32,84,86.9,89.8,84,170,37,76,33,55.9,111,236.1,146,168,153,100,84.38411352,117.9,128,43.5,173,135,88.9,114,112,285
2002,10,187.9,121,68,130.5,139.4,150,212,110,117,112,129.7,156,195.6,180.9511995,206.5159372,142.9713112,184.0772039,178.3374134,134.8,142.1139114,141,168.9480083,129.0735185,127.4,143.343298,135.5,211.8438122
2002,11,125.2,69,60,86.9,61.4,64,128,58,80,58,44.3,78,160.3,196,221,80,133,96.60692663,67.4,123,140,160,92,139.7,130,132.9,110
2002,12,154.3,187,149,127.2,133.5,160,148,70,150,90,111,87,132.5,50,90,52,44,112.5156443,96.4,153,73.8,72,29,24.9,57,78,102
2003,1,47.6,59,32,31.4,3.6,80,58,6,0,9,5.6,24,18.2,31,6,2,16,41.96058647,31.9,10,45.9,49,9,11,41,11,57
2003,2,73.6,72,112,70.6,53.3,133,51,27,120,61,134.3,106,123,38,117,79,27,126.1109824,171,25,41.3,26,43,72.6,58,23.3,61
2003,3,95.6,120,88,145.1,56.4,101,85,117,64,33,68.5,101,54.1,103,152,155,72,115.9453264,145.9,124,161.2,155,170,95.8,47,84,279
2003,4,178.4,130,117,236.5,158.5,254,160,119,158,150,182.9,136,154,313,59,178,234,187.1459118,212.1,157,278.4,316,281,86.2,194,159.1,158
2003,5,86.8,57,16,26.9,50.3,0,62,61,70,78,58.9,89,131.3,249,169,136,143,88.8683978,46.8,89,85.4,113,116,95,141,157.4,148
2003,6,118.1,50,36,96.5,66.7,148,83,57,144,72,72.4,160,167.8,104,88,143,118,117.5181988,61.5,107,120.3,108,78,75.1,101,100.8,312
2003,7,33.4,26,16,23.4,32.9,0,27,20,155,25,25.9,52,65.2,57,201,47,53,47.95945657,40.7,75,69.6,50,76,64,23,38.3,34
2003,8,31.7,54,21,65,57.2,82,47,39,122,82,73.5,41,70.4,110,82,144,146,83.92988901,79.93802605,76,80,86,98,97.9,106,93.2,142
2003,9,90.26809306,102,41,70.7,65.9,66,80,55,87,60,64.6,95,75.2,200,138,69,174,85.97528204,92.28669649,113,161.8,103,132,68.2,96,81.2,165
2003,10,159.4547161,154,95,91.1,184.3,247,273,214,239,82,189.6,122,139,155,227,196,166,192.7963136,213.3882281,176,142.8,144,88,122.4,103,105.2,272
2003,11,195,202,190,170.1,171.3,214,193,83,173,104,200.1,149,158,180,198,114,161,123.3,160.5778815,193,217.3,118,82,55.1,124,109.6,151
2003,12,34.9,126,149,31.8,21.2,47,182,21,78,20,55.5,77,84,62,71,177,84,64.2,101.7627449,79,56.3,59,46,89,44,59.7,119
2004,1,227.8,62,87,99.3,76.4,125,204,36,64,87,129.2,14,66,84,30,65,89,150.3,140.6,77,107.6,131,60,35.4,9,29.6,49
2004,2,40.5,17,40,48.8,15.2,52,24,17,28,33,49.2,15,44,31,47,12,19,42.96871514,41.91461305,25,44.1,25,10,7.7,160,35.4,79
2004,3,31.9,32,66,66.3,39.2,0,16,33,26,7,10.1,69,88,66,53,31,40,72.99408443,72.30376048,36,68.9,40,54,28.4,60,33.7,60
2004,4,174,204,200.1137247,126.5,82.2,94,39,109,118,125,128.2,150,246,210,253,130,146,188.7701165,208.4530337,207,124.3,130,228,127.3,122,141.5,221
2004,5,186.1,111.4138827,131.2975422,65.1,51.2,71,140,46,119,121,153,107,138.6,240,171,114,153,160.6393963,152.9910282,140,154.4,173,137,111.1,148,89.5,240
2004,6,37.9,27.10991144,16.84618671,24.3,26.5,0,8,13,0,17,19.2,27,20.4,18,41,32,11,41.394993,32.84442889,8,59.2,2,18,30.8,24,38.1,43
2004,7,70.1,36,12,59.3,42.7,23,26,33,85,63,67.7,118,61.2,136,178,125,128,74.62592679,70.62661191,50,116,112,133,130.8,104,105,102.6597993
2004,8,17.5,20,26,9.9,13.2,44,4,1,9,2,8.9,48,34,191,45,37,65,42.2416679,42.11742993,29.08022344,12.6,45,126,39.80696115,87,148.6,71
2004,9,75.8,47,81,87.8,61.8,24,63,77,139,60,91.8,100,70.7,195.9739102,154.2326064,122.894086,189.8298201,112.673526,113.4234947,109,213.7680645,180.4170357,145.4384558,109.0369538,141.291122,151.4,227.8026924
2004,10,131,228,304,143.6,112.9,174,179,151,129,164,248.2,189,196,207,189,162,180,162.8923848,183.475293,145,104.6,34,123,188.4,113,153.2,278
2004,11,199.2,156,261,134.6,135.6,192,259,128,89,169,149.8,68,109,211,151,79,114,136.3187403,160.2822389,120.7030185,208.2,91,152,75.5,162,129.9,136
2004,12,49.7,41,35,89.5,50.2,82,129,27,50,57,72.6,62.90111828,90.8,91,43,5,83,80.77013793,96.48287394,30,19.8,59,20,47.9832455,46,26.1,124
2005,1,94,72,64,34.4,30.9,160,133,32,67,109,27.1,83,65.5,65,81,34,98,74.8,69.2,73,81.4,98,70,61.4,75,95.2,38
2005,2,62,25,63,52.4,31.2,63,59,30,50,27,39,50,48.7,114,76,60,61,77.2,113.4,99,142.7,34,48,57,69,53.1,182
2005,3,204.2,84,130.8933391,94.4,50.3,98.20374776,89,68,59,101,94.3,93,189.1,137,193,136,100,120.1011556,100.8,116,173.7,128,108,56.9,63,66.5,248
2005,4,148.4,45,155.5041807,114.7,87.3,123.9911237,158,56,96.5062607,92,101.5550531,116,69.6,118,121,95,98,123.4894042,125.4,49,70.5,62,94,130.1,75,56.8,225
2005,5,163.4,191,81,159.3,103.7,163,194,154,192,95,197.4,210,179.8,186,190,217,306,182,161.4,211,238.5,163,119,153,99,129,155
2005,6,63.5,22,29,34.4,15.4,43,59,52,44,10,36.6,73,59.7,144,108,113,126,63.2,61.1,35,115.7,54,32,54.7,37,58.1,78
2005,7,42.8,18,15,19.3,42.5,0,39,25,24,70,27.1,94,68.7,91,68,63,155,83,64.3,40,223,173,74,103.5,41,53.6,56
2005,8,40.6,24,26,14.4,40.1,0,18,51,35.43477041,9,39.6,38,41.7,103,54,60,88,42,39.2,70,138.5,102,102,105.7,67,83,87
2005,9,96,58,59,58.3,46.9,56,93,52,90,44,50.9,121,128.9,203,79,74,81,96.9,135.5,60,92.8,142,115,72.6,87,105.1,215
2005,10,159.9,89,208,119.7,118.2,162,193,102,247,109,241.6,126,204.1,142,184,182,176,138.8,201.4,212,223.8,173,154,189.8,144,136.9,255
2005,11,203.2,124,167,118.8,139.2,129,212,157,123,104,92.6,175,145.5,185,202,217,132,141.5,176.1,96,209.1,128,131,199.3,175,103.9,242
2005,12,188.6,152,146.2193904,121.6,116.7,152,184,53,118,55,96.4,181,243.2,222,156,116,142,152,167,110,153.9,271,84,99.1,182,91.6,184
2006,1,193.9,53,174,149.5,74.5,133,159,37,46,41,72.7,58,152.6,66.5,143,51,159,108.5,143.3,25,176.6,359,52,32,75,78.6,137
2006,2,134.8,6,212,141.9,62.6,134,78,60,52,50,63.8,17,25.8,86,16,66,64,69.6,55.1,1,64.7,36,63,14.7,7,21.2,62
2006,3,227,150,222,152.7,130.3,189,220,63,247,188,219.8,116,223.9,204,186,102,212,245,223.9,117,124.5,116,115,89.6,103,124.6,205
2006,4,173.1,350,266,384.5,183.6,297,343,104,335,108,123.1,129,140.8,252,113,153,204,209.6,148.6,186,150.7,160,176,89.9,137,127.2,198
2006,5,95.6,128,98,88.2,133.9,232,138,70,40,63,105.4,280,137.4,234,156,127,216,110.2,102.8,109,251.8,285,154,188.1,153,168.8,166
2006,6,163.9,62.2,110,126,114.9,145,136,118,113,94,136.2,129,124.6,161,152,173,184,126.7,127.6,131,168.9,138,142,135.8,200,130.9,243
2006,7,45.6,26,16,33.2,32.1,1,29,33,30,19,24.5,43,32.4,68,50,60,63,28.4,44.5,42,116.5,65,102,46.3,58,65.9,79
2006,8,18.9,12,14,25.8,29.7,8,8,5,34,6,46.2,16,4.7,73,52.46587504,82,47,40.2,42.8,31,16.4,38,14,98.1,75,63.5,128
2006,9,16.1,22,46,10.3,25.4,17.57509751,14,37,29,25,38.4,56,58.9,92,50,41,151,52.1,116.3,70,120.6,115,95,56.7,27,44.9,53
2006,10,64.3,157,257,75.3,65.9,116,182,112,81,491,144.8,160,98.7,215,134,229,186,117,142.6,69,293.4,207,106,143.5,96,119.2,220
2006,11,199.5071588,167,343,152.7,130,131,367,105,55,84,106.7,155,151.7,211,285,204,176,116.2,147.6,177,187.7,55,86,171.5,82,91.9,119
2006,12,225,144,323,152.4,77.3,168,218,86,97,103,121.4,147,107.1,163,147,99,122,78.4,132,162,119.1,91,84,80.9,131,118.6,27.7
2007,1,75.8,89,109,50.9,55.1,58,114,46,103,65,77.75825938,29,50.1,54,46,25,68,57.9,80.4,22,43.9,96,18,36.1,36,38,126
2007,2,47,22,107,23,20.4,67,46,43,40,24,32.10435981,4,38.7,39,28.99511732,6,30,56.7,55.2,8,3,38,49,17,9,38,70
2007,3,173.7,174,204,96.3,72.4,82,155,70,83,59,103.1507745,101,120.7,144,182.1149146,212,249,154.3,131.9,201,181.1,198,112,110.4,357,170.6,377
2007,4,263,209,289,273.4,127.6,243,224.7,101,230,151,162.2388162,264,194,274,265.5460152,258,244,215.3,275.9,136,371.2,276,201,242.1,722,251.2,391
2007,5,221.3,112,188,110.7,93.9,14.6,201,133,104,71.6,91.3,172,190.4,232,250.9419586,266,220,84.8,79.6,157,185.1,152,161,248.2,448,173.5,272
2007,6,28.8,29,61,28.2,27.5,0,52,60,40,31,40.67408436,40,85.1,94,85,69,45,49.6,69.1,53,69.1,49,57,95.4,20,149.6,24
2007,7,65.3,45,89,47.9,42.6,66,42,52,75,52,69.2,122,107.4,70,92,130,175,106.1,59.8,104,118,165,115,127.6,147,139,147
2007,8,123.2,117,106,119.3,119.3,61,131,68,109,97,95.4,172,184.5,132,150,137,104,113.8,87.5,125,114.6,134,177,166.6,131,112,135
2007,9,37.9,36,42,47.3,79.3,10,27,70,70,40,44.5,68,69.2,80,113,92,83,116.7,188.4,88,81.4,103,75,106.7,80,73.1,176.1
2007,10,200.9,276,333,150.1,125.6,240,289,175,217,190,195.5,164,221.6,261,215,107.4,139,216.9,341.5,192,214,152,101,87.8,168,145.7,455.8
2007,11,157.7,143,238,82.2,108.2,131,254,51,43,53,127.5,114,111.3,181,105,46,174,140.7,110.8,50,216.2,147,67,56.6,78,98.1,157
2007,12,191.6,98,235,178.4,91.1,117,137.1,82,85,85.5,310.1,108,249.9,151,191,59,165,163.9,237.3,69,96.2,121,71,53,98,64.9,199
2008,1,97.3,132,95,87.6,81.6,59,145,108,96,56,87.4,88,111.2,86,85,66,28,136.5,91.9,18,53.8,29,10,27.1,53,69.7,97
2008,2,210.3,197,224,144.8,109.1,299,177,84,59,41,55,143,144.2,102,91,58.4,191,74.8,119.2,89,143.1,67,19,86.4,56,63.9,148
2008,3,117.4,107,182,91.8,71.4,279,247.3,64,73,117,189.9,165,244.6,119,196,105,77,242.6,198.5,71,185.1,186.6,68,80,85,69.9,224.4
2008,4,174.6,285,253,149.9,161.9,305,412,144,128,125,191.5,87,155,223,238,158,243,310.4,254.6,104.1,128.7,136,110,155,239,174.5,243.8
2008,5,256.7,254,244,251,203.6,459,150,115,166,120,150.3,187,193.1,232,240,130,211,141.1,198.3,260,247.3709074,159,180,132.8,129,111.6,303
2008,6,110.4,68,121,114.7,158.1,96,90.2,74,127,78,89,65,89.9,166,186,148,174,92.8,66.6,75,146.3305854,172,190,98.03620679,156,156.6,233
2008,7,223.6,63,58,89.6,67.6,28,67,63,69,35,56.6,100,87,179,182,120,61,90.8,88.3,63,129.8136626,160,169,119.1,90,149.1,249
2008,8,129.4,104,69,82.1,101.7,85,126,69.2,67,146,104.9,123,190.8,104,229,149,193,148.8,107.1,107,171.0153402,204,90,99.2,100,130.2,206
2008,9,46.3,97,93,25,19.3,71,116,52,55,46,45.9,48,127,67,89,74,191,110.8,61.5,19,115.6780075,184,44,83.2,46,95,86
2008,10,217.3,193,188,70.1,39,156,252,59,101,35,82.2,95,145.3,162,115,60,129,174.3,142.7,56,147.4930207,64,83,97.8,70,125.1,247
2008,11,211.7,176,159,124.8,79.2,173,215,106,97,73,70.7,206,247.2,143,295.4,89,169,153.1,155.8,158,245.7770867,219,147,151.5,124,143,364
2008,12,150.6,136,156,93.6,87.3,212,192,71,56,103,81.9,76,182.8,112,108,69,147,80.1,75.1,92,94,95,82,51,46,66.5,194
2009,1,113.2,144,73,100.9,72.2,93,194,87,74,62,124.6,55,112.1,181,142,71,168,90.4,117.8,48,89.8,123,60,35.7,66,100.8,248
2009,2,46.5,59,48,62.1,35.8,103,105,72,122,50,42.4,46,102.6,87,113,117,60,69.6,68.4,93,117.4,131,171,102.8,70,128.1,174
2009,3,278.4,242,112,206.4,124.2,393,294,135,95,148,134.4,101,131.8,136,162.4,155,108,201.5,168.7228099,22,206.9,133,62,86,93,100.7,201
2009,4,132.4,106,60,51.1,20.3,67,169,39,38,91,42.5,104,89.7,117,102,110,162,123.4,130.731958,61,132,159,72,65,35,51.6,134
2009,5,127.9,66,54,54.8,41.9,82,312,101,94,90,124.7,52,106.1,114,151,89,86,57.4,108.3963316,88,120.6,64,144,68.1,118,76.3,231
2009,6,110.7,71,91,64.4,77.3,86,55,101,132,93,46.3,87,73.7,170,176,150,185,63.1,22.1,78,175.7,184,110,128.5,88,136.5,178
2009,7,42.1,5,3,13.5,7.6,0,25,9,30,49,25,53,39.1,32,91,75,21,26.3,14.5,62,79.6,79,46,58.3,18,47.5,45
2009,8,27.3,16,16,10,16.1,0,23,3,64,81,34.77973452,26,23,46,13.6,129,79,88,69.8,89,160.6,52,43,72,29,57,83
2009,9,28.4,37,31.55426045,18.9,41.6,20,65,15,17,14,39.82201724,34,28.2,27,51,17,84,44.7,55.9,51,70,53,9,35.5,33,49.3,58
2009,10,128.8,84,196.7204862,85.1,49.7,141,141,79,155,93,146.683105,75,202,115,171,65,81,125.5,158.2,94,107.3,102,60,70.7,44,69,198
2009,11,74,75,114.5983489,26.5,15.9,124,183,53,109,113,112.1412708,17,56.2,56,40,16,113,92.68171644,33.2,71,118.8,132,49,27.5,51,67.3,152
2009,12,124.1,106,104.8044452,156.2,85.9,93.52232689,116,124,25,41,34.9,54,58.5,87,85,105,65,47.86867034,40,66,119.8,42,37,174,61,62.6,87
2010,1,2.7,7,58.63357863,4.8,4.7,160,40,4,4,22,26.02593881,2,10.5,60,15,15,14,4.6,36.16979247,0,13.1,12,5,12,10,1.7,45.04114298
2010,2,113.9,0,93.63734464,71.4,40.8,144,67,40,27,24,38.06312635,30,85.1,37,32,30,67,50.9,49.11996994,24,88.8,43,18,11.8,19,21.9,7
2010,3,70.7,27,53.17090805,23.8,15.8,90,11,12,92,53,47.74159568,64,134.8,115,164,74,83,74.5,62.49949019,77,186.9,47,39,33.7,54,78.8,123
2010,4,198.4,209,295,240.9,223.5,502,350,153,193,216,193.1982182,258,204.2,196,340,190,217,149.4,200.0719716,237,159.9,257,140,149.3,171,151.4,393
2010,5,268.8,142,131,132.9,96.2,154,253,101,100,158,131.0860073,155,117.3,236,173,195,187,139.1,102.5,254,175.5,153,130,177.5,155,154.2,165
2010,6,104.4,135,149,120.4,83.3,89,125,85,66,105,64.74283903,74,102.2267311,131,154,197,209,152.3,109.9,102,114.2,88,126,147.5,69,88.3,143
2010,7,203.4,162,174,102.6,75.6,28,142,89,184,136,95.83402861,166,257,239,417,161,214,210,144.8,180,177,206,231,201,180,156.4,281
2010,8,161.5,79,60,29.3,30.8,16,45,10,35,32,39.75460877,100,75.3,102,160,57,155,132.8,67.78894221,32,73.4,98,42,79.5,49,76.7,189
2010,9,128.8,128,75,105.6,77.5,82,195,46,81,65,94.35872011,131,175.7,159,179,222,113,141.9,80.1,175,103.5,125,138,172.3,114,155.7,157
2010,10,128.2,144,248,117.7,103,166,191,89,229,190,169.778037,159,258.7,158,259,202,161,193.4,142.9,135,153,160,102,160,188,197.5,269
2010,11,267.1,301,442,397.8,381.2,519,451,215,398,290,272.2479196,429,452.1,303,477,188,281,257.1,371.5,326,314.3,238,225,145.6,280,248.4,306
2010,12,238.1,110,324,198.3,118.6,187.4294542,153,108,89,74,114.9992138,179,179.5,166,327,219,195,190.8,177.2,227,260,208,121,193.1,129,108.8,157
2011,1,49.4,26,76,69.2,32.8,42,74,5,33,26,27.1,94,76.3,41,28,53,117,32.7,25.3,81,91,60,87,53.4,48,83.8,29
2011,2,315.6,152,275,157.3,171.4,137,462,35,91,98,105,134,235.4,129,145,102,119,213.4,234.7,91,107.7,78,141,86,65,117,222
2011,3,100.6,138,249,145.1,47.3,203,350,115,41,98,88.1,99,87.7,136,175,105,78,33.3,159.9,150,85.2,124,52,81.5,113,93.8,126
2011,4,470,326,296,228.1,172.2,426,448,186,111,151,128.5,440,305.1,256,165,413,261,304.5,270.1,377,263,249,332,384.5,239,233.5,282
2011,5,127.2,95,68,71.8,77.2,39,123,43,64,112,156.5,87,148.5,153,110,171,135,131.9,70.4,175,177,77,131,148.9,79,91.1,111
2011,6,92.5,51,45,72.6,45.8,31,64,110,37,71,46.7,77,78.6,115,107,88,206,34.3,65.1,40,194.5,129,68,70.7,61,53.8,173
2011,7,95.3,54,68,54.8,67.3,88,80,62,63,68,92.2,136,144.6,77,181,190,95,84.1,118.8,82,118.3,97,77,131.9,124,133.7,155
2011,8,25.1,44,22,9.4,6.3,34,94,4,112,24,28.8,15,48.9,54,60,96,82,66.7,27.8,47,61.9,81,43,44.5,33,31.2,87
2011,9,145.3,108,94,48.76070618,26,44,138,62,83,65,57.1,72,66.2,149,100,114,139,105.6,180.5,136,130,137,66,95,61,75.43915536,188
2011,10,165.3,222,392,193.9,98.5,255,345,120,232,129,231,166,211.7,228,388,181,181,244.7,230.1,214,220.3,252,161,158,218,218.1,255
2011,11,324.4,194,244,138.1,116.4,187,482,78,120,126,99.7,100,141.5,155,303,196,182,191.8,236.6,252,263,192,146,123.5,144,137.9,294
2011,12,202.5,196,300,142.1,139.9,162,125,78,105,73,109,97,184.3,82,406,152,118,225.9,104.9,98,265,163,39,112,109,63.8,338
2012,1,165.5,265,229,184.9,97.2,195,220,46,123,88,100.8,104,145.8,171,146,101,180,192.7,251.7,51,167.1,115,72,36.7,96,78.7,218
2012,2,58.2,141,125,82.3,104.7,110,120,18,47,81,90,69,109.1,118,57.87890591,119,74,63,122.6,70,35.9,39,61,68.8,41,64.8,104
2012,3,192.8,159,83,60.5,74.8,69,132,80,156,106,123.3,120,151.9,225,166.4824637,224,197,174.9,92.8,134,167.1,280,184,102.4,178,119,156
2012,4,237.8,227,193,128.5,132.9,141,281,129,153,202,158.3,150,211.2,267,254.8254815,245,293,191.4,192.8,117,218,241,245,90.8,109,156.5,171
2012,5,138.7,61,26,54.6,66.2,20,26,82,50,32,74.9,192,112.5,136,112.5818398,139,206,126.8,100.4,75,145.8,93,114,55.5,88,71.6,153
2012,6,41,25,30,41.1,27.5,29,25,28,80,68,49.7,26,73,90,64,39,89,72.5,33.8,28,56.1,84,83,21.8,35,79.6,34
2012,7,4.8,5,5,16,3.6,20,29,58,32,34,24.9,46,30.4,84,61,81,48,34,30.4,29,30.2,41,136,48.5,57,67,53
2012,8,22.25453186,21,67,58.9,37,32,9,64,68,68,52.6,15,34.5,104,47,69,90,78.8,89.3,63,60.7,111,41,34.5,54,29.3,107
2012,9,26.6,45,23,13.7,9.5,34,93,20,29,16,27.7,18,29,35,72,93,70,30.2,60.2,33,55.5,24,30,53.5,29,33,76
2012,10,130.6,174,296,167.7,119.2,165,308,83,188,144,165.8,133,171.3,137,152,98,142,198.7,223.4,96,114.8,107,95,104.5,109,113.3,178
2012,11,106.2,153,87,164.5,65.7,47,91,19,41,21,47.2,143,211.6,113,129,128,120,115.5,82.1,25,102.5,56,66,80.2,90,85.00413581,140
2012,12,141.9,62,130,35.9,18,89,58,36,47,24,60.2,36,84.5,84,96,40,64,56.5,44.2,22,40,24,51,26.5,61,59.44893073,104
2013,1,15.6,32,5,7.3,11.1,28,52,0,16,15,5.1,2,8.4,7,23,7,9,5.5,13.8,0,2.5,10,5,3.5,2,14.69987755,52
2013,2,137.5,186,146,80.1,75.8,131,132,109,129,93,138.1,49,110.6,115,214,133,116,116.7,108.3,17,84.3,158,115,53.5,127,90.47284909,191
2013,3,117.3,165,144,67.8,66.3,13,98,88,87,151,158.4,156,153.7,147,251,107,113,148.8,197.5,78,196.5,190,110,122.5,99,100.2100636,180
2013,4,265.8,215,174,206.3,104,146,231,59,90,130,115.2,81,174,137,169,143,143,87.1,143.6,81,181.4,149,86,184,104,101.7839357,234
2013,5,283.7,275,203,208.1,204.8,204,138,173,229,171,165.2,148,257.7,306,291,210,272,211.6,193.1,132,322.6,194,200,170.7,144,142.1382153,263
2013,6,28,11,16,10.8,4.6,4,8,35,43,32,22.9,30,34.9,41,15,0,42,43.8,37.4,9,61.3,32,53,11.5,43,41.90516577,42
2013,7,3.2,3,0,8,3.8,0,11,5,3,12,48.6,11,16.4,52,38,55,72,33.8,26.86838926,29,75,41,31,22.1,55,29.56758288,78
2013,8,77.5,35,36,73.6,43.3,35,66,41,85,61,58.3,25,57.9,167,77,82,72,93.5,76.7,82,136.4,64,116,56,116,79.90596364,23
2013,9,120.8,113,185,56.8,24.2,67,80,19,84,37,86.2,40,202.8,155,120,172,130,115.9,74.2,95,110.8,145,63,119.3,78,78.8,83
2013,10,182.8,168,155,214.5,138.8,135,157,84,85,111,64.3,73,169.3,132,147,118,137,69,83.5,80,87.7,120,108,67.5,109,114.6,246
2013,11,102,94,160,85.9,32.9,152,171,20,127,124,60,70,178,97,108,49,136,53.7,214.2,122,102.5,73,108,78,128,73.2,205
2013,12,109.5,118,113,99.8,89.5,61,71,48,91,78,146.9,127,157.4,149,227,99,118,136.3,234.1,59,114.8,124,53,61.5,86,79.7,75
