year,month,58504f4f006cb93ed40eebfd,58504f4f006cb93ed40eebfe,58504f4f006cb93ed40eebff,58504f4f006cb93ed40eec00,58504f4f006cb93ed40eec02,58504f4f006cb93ed40eec07,58504f4f006cb93ed40eec0d,58504f4f006cb93ed40eec11,58504f4f006cb93ed40eec16,58504f4f006cb93ed40eec01,58504f4f006cb93ed40eec03,58504f4f006cb93ed40eec15,58504f4f006cb93ed40eec04,58504f4f006cb93ed40eec05,58504f4f006cb93ed40eec06,58504f4f006cb93ed40eec10,58504f4f006cb93ed40eec08,58504f4f006cb93ed40eec09,58504f4f006cb93ed40eec0a,58504f4f006cb93ed40eec0c,58504f4f006cb93ed40eec0b,58504f4f006cb93ed40eec12,58504f4f006cb93ed40eec0e,58504f4f006cb93ed40eec0f,58504f4f006cb93ed40eec13,58504f4f006cb93ed40eec14,58504f4f006cb93ed40eec17,58504f4f006cb93ed40eec18,58504f4f006cb93ed40eec19,58504f4f006cb93ed40eec1c,58504f4f006cb93ed40eec1d,58504f4f006cb93ed40eec1a,58504f4f006cb93ed40eec1b,58504f4f006cb93ed40eec1e
1981,1,23.9,64,67,54,66,46,65,57.5,28,39,10,52.3,12,24,47,9.243946352,66,33,27,22,0,0,33.2,44.4,13.6,3.8,70,11,17.8,25,33.3,15,81,35.8
1981,2,43.5,35,102,115,61.1,67,28,39.4,22,52,10,7,14.7,72,21,17.98275429,48,62,56,8,24,15,59.1,41,3.3,11.4,85,38,91.4,60,88.2,48.54462037,15,107.4
1981,3,14.9,133,33,35,26,91,76,19.9,97,46,0,6.6,48.7,25,48,28.56440791,17,42,13,30,79,5,22.8,16.2,11.7,71.1,58.24956307,21,98.4,177,41.9,65,38,40.2
1981,4,202.3,147,149,134,127.6,166,59,186.3,109,223,85,82.6,144,97,89,74.9,58,137,39,49,106,107,83.6,70.5,85,68,208.394503,98,228.9,403,281.4581368,218,253,174.8
1981,5,312,234,225,340,255.6,527,360,369.3,418,343,365,257.5,281,478,395,368.6,307,293,354.7,394,431,144,222.1,243.7,215.7,207.7,369.0593181,184,471,894,444.7776064,318,431,236.8
1981,6,118.6,258,91,113,114.6,168,143,100.1,112,104,138,207.1,239,149,206,143.4,171.0373109,196,108,73,152,87,169.9,158.7,215.1,261.4,239.2083974,178.1023244,429,684,360.9,170,205,252.8
1981,7,175.6,155.8761313,84,146,129,249.5,211,246.9,141.4,183,217,251.7,193,246,216,190.2,219.0596459,147,196,240,150,228.5,216.6,146.9,194.3,117.8,295.9090129,202,474,553,354.8,294,278,408.3
1981,8,208.6,237.6701433,367,243,389,273,365.2,199.6,182.2,194,332,288.4,293.4827676,266,181,183.3,295.3184737,281,254,214,232,167,275.1,198.4,345.5,300.8,271.7877928,190,492,356,438.4,283,378,351.8
1981,9,367,251,338,313,260.8,253,373.5,199.4,285.9,277,223,207.5,99,230,263,258.7,314,104,220,183,340,321,113.9,203.4,168.9,89.4,324.2583167,74,109,382,287.1,293,236,404.2
1981,10,201,81,108,60,116,57,150,119.6,83.1,134,307,295.8,176,127,75,89.5,84,116,155,149,95,152.5,168.4,125.4,226,166.6,195.1842233,222,444,522,266.2,310,128,255.9405315
1981,11,102,164,68,72,35.6,96,110,106,54,70,168,165.5,181,131,122,88.7,162,148,97,40,47,73,86.9,93.5,39.9,71.2,129.1659623,92,370,560,205,66,70,112.5
1981,12,122,34,9,33,22,66,105,35.9,76,31,33,26.6,51,10,30,78.1,25,11,54,31,50,98.5,32,86.3,28.8,24.1,98.40963835,18,144,176,104.8,121,89,51.7
1982,1,38,74.7,58,78,68,19,58,57.2,0,78,77,13.2,41,28,48,24.4,44,36,36,27,17.34565132,49,5,29.5,34,8,22.80780352,42,36,155,30.2,28,31,27.3
1982,2,0,66,39,18,9,30,18,17.9,6.2,63,3,9,112,17,35,10.9,36,28,17,15,11.76998892,61,12.5,11,0,44.6,39.34180338,16,86,30,43.1,49,46,41.8
1982,3,0,0,9,14,0,15,16,1,0,67,32,2,5,20,5,24.4,34,33,31,59,14,20,21,61.5,4.5,69.5,16.32989317,177,8,25,3.8,0,0,13.4
1982,4,144.2,148,127,150,124.2,209,168,149,49,167,207,196,132,178,218,170.9,155,148,111,135,319,123,78,120.1,244.5,152.9,295.4260351,198,374,30,231.1,388.5,74,292
1982,5,412,99.2,120,176,155.3,106,78,85.6,143,276,260,388.2,277,161,87,115.6,261,179,175,97,129,209.5,212.5575784,100,313.1,293.2,285.2575613,218,375,639,171.5,151,325,250.9
1982,6,234,164.555523,72,160,164.5,294,97,178.5,244,192,213,256.9,318,83,133,134.5,112,112,107,72,78,134.5,162.6608073,54.4,211.7,233.3,225.0171436,198,162,45,209.9,202,167,205.7
1982,7,182.1,210.8898558,217,301,232.1,237,297,152.7,259,266,121,71.4,104,197,276,178.4,225,226,284,229,283,209,208.6,267.3,157.2,150.6,376.2817583,200,442,247,327.2,322,401,362.9218036
1982,8,132.2,174,178,272,197.2,150,131,110.5,143.4093265,147,176,162.4,204,154,130,92.3,98,186,179,102,169,117.5,175,90.3,183.2,159.2,270.9049311,119,304,555,297,495,266,441.9
1982,9,171.8,94.4,92,199,118.9,278,231,180.6,203,196,344,297,305,58,51,128,66,254,165,149,107.1,115,211,196.2,238.9,138.5,362.13563,313,302,883,510.5,473,359,398.6
1982,10,352.6,276.5,179,220,130.5,267,154,111.8,195.3,201,161,154.7,203,170,177,140.7,24,105,273,146,144.6,230.5,139,177.3,161.5,178.7,257.455154,147.1,398,431,236.2,331,196,197.4
1982,11,197.2,53.3,67,41,54,107,101,44,71.91089085,5,99,70,61,27,23,8.1,18,96,50,68,65,106,56,29.7,34.3,41.4,79.96103283,45,257.7,323,211.5,23,120,32
1982,12,0,1.4,13.90809315,0,5.9,0,0,0,0,0,10,0,5,0,0,0,0,0,0,0,0,0,11,18.5,0,0.3,11.92586514,0,2.3,0,2.4,6,0,0
1983,1,0,0,8,0,0,4,7,1.7,0.256276272,0,0,0,0,0,0,0,0,3,0,2,0,0,12,0.7,0.2,0,0,15,6,0,0,1,16,1
1983,2,4.6,16,70,40,64.8,14.25768698,12.5,23.1,10.39244856,17,25,22.2,25,17,0,45.7,0,37,19,36,19,43,10,52.3,9.3,43,14.68330754,45,23,80,21.78892778,19,55,53.3
1983,3,8,0,1,11,29.7,0,25,2.2,19.06389986,0,10,18,0,73,25,0,17,106,31,0,40,20,15,12.5,33.7,0.5,16.67396181,0,19,62,7.051595742,19,2,9.9
1983,4,83.4,183,113,184,120.5,93,153.5,171.8,115.0832686,73,124,108.3,75,33,138,95.7,148,148,181,124,98,163.5,100,169,161.4,103.3,126.7280021,246,173.5,327,173.8,124,148,98
1983,5,40.9,161.8,127,186.3,146,291,301.5,154,237.807665,153,181,187.6,258,301,331,306.7,276,382,188,271,253,294,239.6,206.7,136.3,158.1,280.8228321,220,281.9,271,372.8,186,274,393.5
1983,6,134.5,147.7,158,194,216.2,191,191,115.7,139.1754546,103,171,211.2,90,200,218,165.8,57,48,151,113,124,133,80,106.3,175.8,181.3,315.0102504,241,371.5,424,319.5,203,187,364.3
1983,7,158.9,107.5,145,163,163.2,134,138,91.5,99.48524748,213,150,142.6,204,132,84,76.6,134,191,102,112,79,96,149.2,104.3,181.6,162,314,203,479,678,431.8,378,307,322.1
1983,8,161.7,161.8,160,142,103.2,157,137.5,167.6,156.121394,178,174,194.2,245,123,165,75.9,273,387,176,82,163.3,78,187,129.7,118.5,134.7,134,197,486,530,424.0032702,384,266,328.2
1983,9,284.7,157,170,146,239.5,429,132.5,149.4,177.61054,140,256,238.9,207,313,159,117.3,138,178,149,134,213.1,213,156,296.5,195.9,182.8,305,109,554,269,407.6771211,286,251,447.4
1983,10,75.2,178.2,181.9995572,177,137.3,375,165,332.9,201.3266428,233,150,201,53,140,225,224.1,333,130,272,255,183,163,52,142.2,128.3,132.0203603,188,40,312.6,327.8274835,148.5,164,160,349.4
1983,11,66.3,98,81.43287116,49,43.7,133,97,118.5,84.76660734,76,176.0252833,136.8,59,83,84,62.9,47,205,23,14,88,137,21.4,98.2,197.1,130,150,153,150,292,184.7042612,61,84,122.8
1983,12,53.4,15.8,48.76557925,56,43.3,38,4,12.7,26.88794763,64,68.65303993,169.6,24,22,13,3.3,21,0,30,29,35,40,53.3,40.1,81.5,9.2,251,56,128.3,288,124.8619705,61,94,77.1
1984,1,32.4,25,32,29,62.1,30,7,0,0,12,0,1,17,19,34,41.8,34,133,20,0,26,20,59.9,10,11.5,34.5,13.6369857,32,108,161,27.3,22,8,6.2
1984,2,20.7,34.9446902,108,58,39.8,14,10,0.2,0,48,13,35.3,125,40,41,16.2,6,135,48,65,13,65.5,34.3,78.5,33.5,45.1,74.31649711,113,115.4,38,148.1,102,68,86.5
1984,3,1.5,0,16,4,6.9,10,9,1.2,0,8,3,7.3,13,55,12,5.6,52,29,35,10,55,30,20.3,21.7,13.68603574,38.5,6.58889683,55,2.5,6,0.3,1,0,2.9
1984,4,121.4,84.7,99,87,113,112,104,55.6,26,204,64,66,183,114,187,124.2,107,95,107.5,138,107,96.5,86.2,120.5,73.5,85.1,86.37055763,201,149.8,22,84,34,98,98.6
1984,5,179.6,104.2980095,201,127,246.4,109,79.5,133.2,38,120.6,83,42.9,140,193,107,125.9,121,121,118.5,168.3,241,108,64.8,84.1,122.2,155.4,205.5,111,221.6,387,218.7,150,109,255.8
1984,6,134.8,112.8,187,180,254.8,180,146,128,81.6,243,321,222.6,282,152,218,174.4,112,80,216,155,167,186.5,188.5,218.7,282.2,299,327,126,618,661,387.6,271,312,438.9
1984,7,190.4,103.2,228,337,191.4,227,170.5,95.7,56.3,220.2,338,335.8,261,188,213,191.7,192,260,230,240,253,225,136.7,283.4,385.8,134.5,271,190,434.9,793,544.1,310,258,425.1
1984,8,119.9,103.2,96,75,244.3,126,72,72.9,71.2,308.4,243,208.6,283,146,106,149.3,114,132,129.5,103,159,115.5,176.5,169,219.7,220.8,372,138.5,380.5,340,361.8,350,248,456.7
1984,9,122.1,138.8,262,258,219,231,316,269.5,154.4,347,298,249.1,270,308,283,156.1,262,270,355,207,220,180,250.6,191.3,150.9,175.4,289.5,237,441.1,370,338.5,237,351,178.3
1984,10,261.5735943,163.4,162,184,277.4,143,271,216,159.5,300.6,365,473.6,331.3,144,269,155.4,275.3127408,121,226,278,108,290.5,283.5,100.9,389.1,274.1,156,233,443.1,137,245.2,229,172,293.5
1984,11,330.5,91.2,66,95,68.4,121,47,91.6,35.6,82,188,182.4,103,90,80,54.6,29,127,151,84,163,190,94.5,46.9,119.7,145.4,123.5,125,317,161,134.3,100,95,151.9
1984,12,0,0,0,8,2.7,0,0,32.4,0,10,0,0,0,10.67267361,12,0.6,6,0,0,5,0,0,0,6.4,0,0.5,1,35,33,20,2.1,0,18,12.8
1985,1,0.7,0,0,1,0,0,0,0,0,0,0,0,0,0,0,0,23,0,0,5,0,10,2,12,0,0.4,3,40,0,0,5,0,5,0
1985,2,0,0,0,21,14.1,0,1,10.5,0,83,0,0,0,1,0,0,0,0,0,0,0,0,26.7,4,0,0,28,0,0.3,0,1.8,17,0,5.3
1985,3,0,9.151473428,17,0,20.7,7,29,0,16,2,7.749485234,2,0,3,5,16.2,0,11,24,55,11,10,12.1,32.2,1.1,0,90.5,5,23,30,49.2,11,28,42
1985,4,0,2.99863355,44,45,31.4,13,53,40.4,24,31,0,0.3,3,19,22,33.6,20,50,60,53.5,14,51,20.6,31.9,3.2,5.7,96,46,19,60,59.7,15,40,41.1
1985,5,102.5,184.3,197,151.4,160.4,231,116,223.6,180,194,117.040626,154.1,153,143,280,193.6,72,109,198,135,174,185,120.8,149,167.6,164.2,425,116,277.5,249,169.3,251,146,224.2
1985,6,155.6,160.1,205,203,180.2,96,157.7,105.9,16.9,399,99.5,150.9,262,162,163,113.2,127,153,169,151,177,158,238.4,211.1,135.3,182.1,385,186,187,318,273.1,322,281,347.3
1985,7,173.9,122.5,135,247,191.1,166,143.1,154.2,81.8,175,127.5,173.2,79,170,191,176.5,91,190,252,193,141,207,103.5,256,227.7,122.3,366,230,470.7,517,497.2,558,359,446.8
1985,8,221.9,106.3,162,248,189.7,190,117.3,266.5,196.9,263,299,261.1,152,312,184,216.8,62,209,307,323.5,422,327,242.9,260.2,226.5,187.2,224,256,170,394,390.1,283.5,306,280.8
1985,9,176.3,237,123,301,209.4,241,276.4,283.7,319.2,170,218,271,224,190,295,340.9,326.7655394,292,263,354,166,247,180.6,282.2,280.7,201.7,259,376,320,515,387.1233957,247,312,397.1
1985,10,505.6,235.6,56,102,124.5,150,49.5,125,134,101,421,334.7,61,141,116,99.5,431,46,152,162,107,162,187.2,92.6,262.4,199.9,89,150,459,565,370.3543752,96,292,231.7
1985,11,122.8,115.5,56,109,166.9,140,135.5,131.7,198,151,186,180.3,46,76,73,110.7,287,61,166,168,64,62,41.7,94.5,135.5,75.6,100,131,174.2,138,50.7,93,48,60.2
1985,12,95,68.6,35,12,21.6,13,41,19.9,29,13,62,70,76,9,58,42.9,48,47,51,60,24,33,12.7,13.7,57.2,65.5,17,45,115.1,220,158.9,10,72,123.1
1986,1,42.5,0,6,15,3.4,0,2,16.3,0,0,0,0,2,0,2,0.5,11,9,13,0,0,5,3.3,11.3,0,31.3,27,10,0,0.74051035,22.5,0,5,1.8
1986,2,1,32,71,74,29,17,22,35.2,27,107,30,0,24,15,16,5.5,0,94,0,5,33,0,22.8,1.8,35,0.3,3,8,50,9.587011282,95.4,4,110,23.6
1986,3,3.4,0.2,5,33.5,13,40,0,11.8,11,31,2,0,25,10,8,0.4,37,0,0,40,0,0,3.5,6.2,2.9,1.4,53,18,5,20.43533111,52.9,39,4,59.9
1986,4,64.7,79.3,65,100,63.2,132,83,76,135.7,196,19,21,134,96,75,129.2,43,154,189,42,34,113,121.3,188.1,45.5,88.1,186,82,215.4,153.9526171,117,83,207,0.8
1986,5,61.1,188.8,249,276,309,115,107,152.8,69,203,63,59.6,155.1,113,128,99.8,149,276,160,191,78,173,92.3,179.1,113.2,81.5,120,292,191.6,179.1755101,109.8,170,18,198.1
1986,6,113.5,225,212,207,193.5,161,192,134.5,143,206,129,114.2,238,209,157,117.9,75,265,235,147,116,123,133.9,192.3,118,87.3,366,115,347.5,253.8856275,19,108,331,276.4
1986,7,97.9,121.8,105,164,132,108,117,136.3,161,80,110,104,124,103,109,122.5,81,59,104,123,111,116,153,114.6,123.8,135,190,66,360.3,245.6675881,294.1,83,266,224.1
1986,8,132.6,189.7,271,190,94.2,131.2,157,168,113,87,102,121.5,68,117,100,124.5,51,165.5,83,68,104,100,91.3,76.9,70.7,117.1,169,54,232.8,247.9472772,152.1,107,134,209.7
1986,9,64.8,114.2,118,189,92,236,187,211.8,100.4,297,240,155.9,115,134,119,176.7,117,121,129,110,73,183,115,118.8,74.7,141.1,207,225,221.1,265.7434757,260.9,80,247,144.5
1986,10,212.8,175.8,159,217,181.2,152,118,168,270,151,70,214.8,111,145,169,136,314,246,160,170,91,102,130,117.6,147.3,134.1,266,286,508.1,345.5413413,213,270.5063626,293,284.9
1986,11,44.2,133.1,65,45,34.8,74.3,78,27.3,75,128,3,21.5,122,87,58,78.8,143,159,119,55,83,103,74.83868624,75.8,63.2,78,120,33,219.6,133.6071562,79.3,112,90,160.5
1986,12,11.3,2,17,38,7.5,8,29,2.1,6,45,21,4.1,21,13,4,7.3,47,33,53,30,0,25,5.2,35.3,11.3,25.4,21,30,66.5,22.51516092,29.2,20,37,38.5
1987,1,19,13.5,22,34,26.8,4,7,7.5,10,49,10,18.2,8,0,8,1.4,20,13,4,0,44,10,1.3,23.3,16.5,0.5,87,25,10,34,79.6,2,40,23.4
1987,2,1.281535993,15.1,28,44,7.4,0,0,0.9,0,25,0,2,36,0,3,0,14,0,10,3,1,0,0,6.1,4.6,0.3,20,18,30,11,44.1,100,55,37.3
1987,3,0,0.2,0,14,21,0,0,14.4,0,10,0,0.7,0,0,0,0,0,32,8,13,2,0,1.6,10.5,0.2,0.7,5,40,6,3,12.5,9,0,4.9
1987,4,296,159.8,239,241,144.2,233,368,186,216,91,187,205.9,105,237,166,198.7,135,269,225,226,202,171,88.2,281.7,73.1,123.1,164,267,286,150,305.6,219,284,176
1987,5,483,261.4,183,170,96.2,157,191,199.8,111.9,125,373,320.1,165,202,199,152.7,286,223,145,223,72,174,139.8,198.9,195.3,117.5,213,59,318.2,277.6473659,302.3,229,294,350.8
1987,6,125.7,87.9,50,60,105.5,37.6,37,30.1,74,120,101,124.4,116,211,135,72.9,48,54,46,41,105,73,143.4,122.4,79.5,72.3,126,188,262.1,176.9455971,122.1,42,178,222.4
1987,7,202.5,178.3,169,189,258.8,346.7,202,211.6,241,264,268,262.3,150,247,202,192.1,244,271,231,204,129,237,197.2,283.7,222.1,108.1,231,240,274.5,521,223.7,98,487,262.5
1987,8,96.2,172.8,141,254,308.7,249,109,143.5,222,195.3,256,223.7,110,244,154,184.8,193,211,223,237,222,211,174.1,256.5,158.7,104.2,528,158,374.6,438,430.4,242,338,361.8
1987,9,155,124.8,20,161,118.1,178,236,177.7,202,160,253,183.7,214,212,203,168.1,228,141,176,238,167,115,259.9,220.1,132.6,148.6,269,190,299.4,270.4015333,240.6,262,181.0488097,272.8220239
1987,10,259.2,46.1,117,118,66.9,248,80,211.9,136.0821418,152,330.3,325.5,182,54,214,117.9,163,72,137,130,117,77,95.8,142.8,267.1,320.4,149,213,195.1,356,361.1,188,280.2754072,295.4
1987,11,182.9,174.1,138,93,135.9,138,102,67.9,114,90,178,160.7,207,119,31,111.6,162,97,104,21,133,180,254.6,168.8,215.3,257.4,181,98,190.4,79,311.1,122.4,210.5781103,186.3
1987,12,110.3,75,36,26,61,57,79,82.8,142.6,70,96,72.6,45,11,39,79.2,42,96,61,5,28,78,70.7,51.2,154.1,96.8,55.73758136,33,71.6,46,58.5,19,42.3128726,28.7
1988,1,0,0,0,7,0,0,0,0,1.80606748,5,0,0,0,0,0,0,0,0,4,0,0,2,7.9,3.499967787,12.78799462,0,0,0,2.1,0,0,0,10,2.6
1988,2,4.9,8.3,22,62,15.4,54,17,19.3,4.257739933,26,0,0.1,5,0,0,1.5,0,17,0,0,0,0,4.5,2.795358415,10.70680953,0,4,14,6.7,6,7.8,13,0,5.8
1988,3,0,0.2,0,0,0,12,23,6.3,0,5,0,0,0,6,4,0,7,0,10,10,3,0,31.2,6.09539407,10.55472173,0,56,18,0,0,0,5,0,0
1988,4,114.8,119.2,138,110,32.2,139,194,198.3,89.25696746,181,22,104.4,47,171,125,73.9,147,156,189,113,22,151,95.8,100.3396409,51.19792886,73.2,130,139,118.8,93.95238754,179.7,58,149,105.2941001
1988,5,165.2,189.8,209,139,119.2,80,25,106.5,115.0933123,212,221,136.4,232,236,141,62.5,98,82,103,143,224,270,214,109.0630364,134.9824389,140,339,135,358.9,212.2667747,215.8400981,167,219,369.9
1988,6,208,169,197,131,116.3,194.8,222,171.7,171.0084162,172.0319083,179,198.9,194,155,105,225.4,217,250,329,188,125,138,72.1,157.0390747,171.9611871,148.5,318,158,381.8,338.8903282,273.2309413,313,225,264.4
1988,7,234.4,153.1,248,260,139.5,312,191,144,179.0625671,244.7820687,241,258.2,190,233,175,227.8,320,270,240,229,171,174,181.7,173.7152096,212.096037,201.5,314,172,203.6,418.2874051,495.6,200,352,362.6
1988,8,228.7,171.3,291,387,184.5,258,377,247.3,274.0180042,306,189,193.9,231,236,285,311,536,262,432,310,167,372,180,258.3,232.3559705,176.3,396,317,198.7,415.1293382,446,439,637,513.6
1988,9,208.4,205.4,209,248,158,296,281,226.2,321.1,257,143,228.1688475,297,352,377,398.5,535,229,250,222,242,221,284,218,186.5824942,234.4,265,390,408,196,359.3,531,337,305.3
1988,10,314.2,104.8,93,186,239,150,231,131.3,121.0919098,66,211,150.2624045,170,134,136,117,317,148,223,136,182,185,103,185.5,184.382399,114.5,132,115,174.2,251.0705698,233.8,243,210,345.7
1988,11,266.7,39,229,192,160.3,241,161,205,156.1231713,137,149.5,77.4,137,206,176,169.1,250,219,150,163,115,61,205,72.7,178.999935,139.1,214,43,549.9,242.2454852,253.6,311,207,327.8
1988,12,121.4,7,14,77,51.6,67,40,28.6,41.27184018,87,1,8.7,58,55,51,59.5,272,92,65,55,39,53,73.2,87.8,24.71620954,91.7,45,30,69.3,79.52466678,69,48,25,70.7
1989,1,2.3,13.12728741,20,0,33.5,23,0,5.6,2.5,31,1,3.4,5,7,4,10.13111858,18,17,13,2,0,0,27.7,6.1,14,8.1,4,30,3.1,18.35987266,16,20,0,33.8
1989,2,27.2,0,5,90,2.5,38,57,64.2,39,30,0,0.3,1,29,37,8.506671124,47,21,92,64,21,6,20,49,6.4,5.3,23,0,0,0,1.9,0,0,27.5
1989,3,43.5,70.2,76,103,67.3,93,21,139,32.67095337,62,7,35.7,102,29,66,32.24588541,46,27,17,22.5,27,49,31.9,10.5,66.2,13,4,95,0,37.90403499,58,68,128,32.5
1989,4,1.1,10.9,83,18,76.6,12,36,11.3,25.00068777,53,0,0,14,35,0,23.17508874,19,40,13,5,0,27,48.2,18.9,1.8,11.1,113,50,57.35260881,50.2104524,91.1,101,38,107.1
1989,5,306.5,176.1,221,129,210.2,280,316,174.8,233.6784686,185,33,25.4,37,311,217,242.8735493,318,296.9,287,325,193,206.5,135,184.9,111.1,168.3,220,71,336.6432097,284.9263675,383,324,347,322.4
1989,6,117.4,57.9,252,373,231.3,184,96,129.1,171.4,133,48.5,138.9640766,225,186,241,158.5499755,314,196,115,165,82,204,214,159.5,124.6,92,191,72,180,479,264.4,337,156,399.3
1989,7,133.6,109.2,74,228,66.3,183,153,145.1,129.6,172,175,60.5,177,258,179,168.938803,133,165,216,165,222,173,139.7,219,196.2945119,205.1,222,152,569,350,364.5,213,266,297.4
1989,8,247.5,132.9,181,201,223.6,149,181,124.2,98.4,197,202,180.8,127,153,193,177.6233906,233,245,181,119,191,260,148.2,118.4,269.6,168.4,171,214,357,344,284.8,157,475,298
1989,9,271,202.8,300,292,137.2,300,319,335,252.9,179,227,256.8,306,221,280,273.9170089,336,220,459,436,221,268,171.8,162.6,203,233.8,263,260,396,294,282.5,203,470,355.7
1989,10,227,126.7,153,222,138.2,280,394,265.6,260.8,224,319,227.5778033,163,331,295,249.8378716,398,293,425,281,367,183,213.2,240.9,291.2,126.3,182,177,487,491,386.2,397,506,378.4
1989,11,210,13,45,58,67.9,83,54,65.7,81.9,151,145,118.8,135,92,74,103.7302223,398,156,134,142,135,164,91.1,71.5,104.5,102.2,123,193,238,222,65,121,41,125.2
1989,12,3,4,0,86,107.3,29,0,8.8,22.4,120,22,20,42,6,27,17.25276303,60,15,40,30,37,0,21.6,49.8,31.6184583,32.4,54,0,36.3,29.37923824,39.9,25,21.38144397,57.5
1990,1,7,0,47,47,28.2,9.925242612,0,3.2,5.6,45,0,8.998291568,15.37146248,19.34030692,17.15111683,8.004975448,10,30,0,0,0,0,29.8,15.4,14.00240846,16.81782673,17,26,34,8,18.3,6,47,1.7
1990,2,2,0,20,20,27.9,20.04941083,15,8.4,31.8,37,0,5.595579031,24.74240033,17.86565748,15.33196969,13.21750628,43,91,13,22,0,0,3.8,17.8,14.98400268,21.35754862,46,17,0,3,0,98,49,71.4
1990,3,0,0.8,72,72,21.4,13.68164108,6,6.9,39.4,34,0,0,17.88617908,19.16017615,18.39814885,13.11369989,9,69,20,7,2,0,28.1,19.9,10.28740624,15.77675422,106,23,94.9,56,78.7,205,35,119.3
1990,4,31,18,140,140,78.7,130,60,85.1,101.9209291,142,208,88.4,87,145,94.45896529,77.2,141,115,128,114,16,104,171.9,51.5,60.7178213,180.4,139,210,131,159,164.4454395,235,109,63.4
1990,5,210,177,255,255,199.5,88,143,216.6,265.4,349,117,207,192,382,237.4100018,198.7,336,211,272,222,209,147,284,374.5,166.5067083,178.9,314,222.3,321.2514279,218,233.7,407,421,381.2
1990,6,186,217,161,161,173,170.2,198.2,265.3,209.6704784,104,218,180.8,176,141,201.8694563,205.9,164,173,310,275,66,121,50.2,80.9,160.4164494,116.6,154,81,257.9788341,212,293.6,185,259,283.3
1990,7,160,95,26,26,71.9,143,182,150.9,58.7,43,84,149.8,110,99,155.0050353,104.6,157,176,229,198,136,217,82.8,70.2,110.7699454,138.7,197,108,277.1557248,298,249.9990567,55,224,260.9
1990,8,91,194.131286,209,209,9.1,196,147,166.6,184.8,76,184,202.3,281,205.7962568,176.1010641,173.1,161,236,215,127,113,191,151.5,258,180.7231706,151.7,280,295,707.3,628,458.8178759,279,420,300.7
1990,9,178,208.4243589,236,236,11.7,152,217,294.3,272.5,172,200,317.7,306,281,236.71869,263.8,202,202,209,277,192,182,121,253.8,257.9134105,291,195,218.310856,409.4,330,300.8424734,384,130,190.6
1990,10,271,168.6279284,349,349,231,196,301,155.5,231.2,269,173,167.2,180,207,152.338408,150.3,327,295,186,219,172,99,94,295.7,187.0495554,151.7,193,186,236.2,158,241.5,185.6,172,300.4
1990,11,106,141.7885457,133,161,164,175,149.010624,109.4,77.2,187,158,101,84,78,122.194299,83.6,275,204,193,124,90,143,69.5,116.4,169.9420326,272.1,298,105.8418167,239.6,356,290.2,61,88,76.9
1990,12,44.8,59.53869432,84,99,16,59,56.35995338,50.9,73.3,47,30,85.1,2,44,44.52241394,56.9,99,18,42,124,43,5,99.2,29.5,71.2889346,77.2,29,6,40.5,42,61.9266498,8,30,71.4
1991,1,0,0,2,2,0,2,0,5.1,0,5,0,0,0,0,8.643372758,0,12,0,0,0,14,6,0,0,1,0,3,0,0,0,0.4,0,0,6.3
1991,2,1.9,0,0,0,0,14,30,23.5,12.5,110,0,0,0,27,6.06008858,14.7,18,0,16,0,5,0,15.4,0,10.67196279,0,41,5,38,5,0,2,0,75.5
1991,3,2.1,3,31,31,3,59,0,18.9,31.7,68,0,1.7,0,36,29.58960205,68.6,22,18,22,30,18,83,43,0,10.0791204,4,63,0,56.8,11,28.61218553,60,4,121.7
1991,4,24.6,151,135,135,149,128,103,105.3,190.2,136,256,46.9,22.8,128,109.8150041,163.2,127,216,114,139,34,103,141.5,113.3492717,116,145.7,107,58.5,365.2,184,166.9331159,153,216,159.3
1991,5,331.6,293,248,283,293,294,226,209.6,226.7,334,30,235,231,235,265.9274326,263.1902947,373,290,263,245,332,274,213.526373,281.3,235.6,238.1,195,280,385,297,317.9393444,244,224,378.8
1991,6,141.5,212,173,173,212,251,206,202.8,217.6,148,185,169.2,127,127,178.5630579,129.9,291,150.4,242,170,85,104,112.7,99,196.9,132.6,199,123,255.5,226,204.6183887,31,187,222.2
1991,7,165.4,199,112,112,197,106,78,92,96.9,90,242,114.3,157,80,117.1933237,102.8,105,66,142,131,105.8942145,112,120,76,132.7,129.4,160,113,357.5,252,273.2511856,39,295,221.5
1991,8,183.9,151,193,245,157,107,121,141.9,117.6,142,208,206.6,146,80,163.970106,119,288,238,159,133,139.9369772,65,194,262.3,222,129.4,345,250,473.6,280,290.9217294,87,76,344
1991,9,322.7,130.5,137,129,133,118,117,125.7,120.2,144,157,248,124,109,142.4246749,138.2,97,240,116,99,194,97,87,100.7,104.7,162.3,219,130,335.5,170,271.5797931,53,199,279.1
1991,10,114,71.7,108,168,80,142,82,97.3,102.7,237,185,110,157,131,97.50768551,104.2,170,165,103,103,135,88,147,138.2,198.3,133.6,253,199,413.9,319,313.8714991,153,209,232.8
1991,11,215,32.9,67,67,67.59446428,79,38,69.5,72.1,60,31,97.3,5,64,73.74154397,75.2,184,115,58,221,44,59,70,53.8,113.3,114.3,104,41,434.5,214,271.8999733,193,109,204.9
1991,12,27.4,39,29,38,24.73853064,35,66,42.3,37.8,44,0,6.5,36,43,36.24150049,27.8,15,89,13,35,53,48,20,77.5,38,6.8,17,64,116.6,20,64.7,150,0,10.4
1992,1,1.6,20.2,0,0,6,20,0,31.3,5.3,27,0,5,0,23,11,0.4,0,0,0,0,0,0,5.6,0.5,12.4,0.7,13,0,0,0,2.4,4,30,6.7
1992,2,0,0,5,5,0,0,0,0,4,0,0,0,0,0,0.7,0,0,0,0,0,0,0,9,3.3,0,1.8,0,35,0,0,0,0,0,4.6
1992,3,0.3,0,25,0,10,7,0,0.3,0.8,2,0,0,0,0,0,3.9,0,0,0,0,0,0,0,5.6,0,0,10,6,0,0,0,0,0,8.5
1992,4,55.8,28.9,154,154,135,43,120,35.8,39.4,111,159,87.8,86,53,45,29.8,30,111,88,58,187,89,104.9,93.7,174.8,147.3,94,99,194,136,62.3,37,193,97.9
1992,5,217.4,80.2,152,249,155,189,99,181.9,185.2,171,96,75.1,48,137,155,172.5,177,243,166,164,84,91,109,216.2,127.9,74.7,267,225,329.9,380,254.7,201,317,276
1992,6,89.2,150.8,59,59,115,136,92,104.3,215.7,63,196,220.6,72,138,136,114.7,89,110,288,161,115,110,61,163.9,113.2,121.6,138,44,318.1,199,204.4,328,296,167.2
1992,7,224.5,123.5,194,194,181,184,77,195.3,190.8,137,203,229.3,155,201,244,200.5,117,230,212,232,160,155,148.4,235.5,183.6,130.6,231,253,377,462,604.7,375,435,422
1992,8,302.6,142.6,167,172,128,153,217.5202178,159.3,141.9,249,250,231,253,172,178,139,323,148,214,202,252,291,209.3,167.9,138.3,120.2,170,248,381.7,336,413.2,265,431,378.4
1992,9,379.3,146.3,137,137,157,151,194,168.9,180.8,153,181,178.9,229,212,221,160.3,219.2,118,140,56,166,165,203.7,234.5,215.6,132.2,166,198,166,223,425.9,243,266,163.5
1992,10,191.7,84.5,132,132,56.4,151,123,129.6,172.1,106,181,153.3,106,134,205,155.2,140,122,105,183,144,133,98.4,201.1,173.2,93.8,230,84,371.6,199,70.5,24,95,194.9
1992,11,165,124.2,101,101,52,104,105,95.5,108,65,63,125,126,72,71,120.7,198,91,89,79,111,70,43.6,95.3,27.5,47.1,107,95,270.4172567,210,288.8,81,82,201.5
1992,12,19.8,31,9,11,10,0,48,15.7,1.2,14,6,12,21,73,20,1.2,41,2,26,20,18,38,28,26,22.1,18,59,5,74.20836357,7,16.6,22,0,71.2
1993,1,60.2,90.2,86,86,159,33,50,38.7,21.3,155,76,32.6,26,69,29,38.8,0,35,35,25,7,36,112.5,22.1,100.6,47.9,28,0,45.04730287,3,51,79,0,74.6
1993,2,0,0,1,1,0,0,0,0.8,0,0,0,0,10,0,0,0,19,0,0,0,0,0,3.5,72.9,0,0,10,34,0.324641979,0,0,4,0,0
1993,3,9.4,96.9,152,152,80,25,88,65.7,30.2,137,48,26.7,41,51,69,24.1,128,79,76,95,57,0,26.3,76,75.1,47,130,108,99.76308287,139,108.5,114,160,99
1993,4,98.6,178.1,45,161,142,48,24,56.4,76.2,215,41,40,130,139,56,70.1,36,37,20,82,88,84,68.6,40.3,38.1,88.6,81,67,197.3525627,251,243.8,80,153,92
1993,5,189.6,111.5,96,168,128,105,101,66.7,117.9,224,157,169,168,198,125,115.4,137,88,153,188,163,236,211.2,247.5,244.2,175.5,180,32,376.6095864,459,336.1,282,166,252.4
1993,6,239.8,102.9,176,176,69,191,158,265.4,147.1,33,152,232,191,124,110,161.9,93,226,191,256,142,198,403.1,158.9,208.6,170,167,197,216.6,238,284,120,294,245.6
1993,7,91.3,190.6,140,140,256,188,240,200.5,175.4,184,139,123.3,118,101,109,144.2,204.2616611,176,160,177,165,195,113.8,100.9,136.4,117.8,399,76,383.9,307,288.2,130,204,356.9
1993,8,173.6,166.7,120,127,118,205,206,243.1,206.3,282,186,127.3,156,208,140,186.1790818,223.3807867,197,262,136,93,282,114.3,145.4,126.9,133.9,175,164,487.7,581,304.8,263,190,259.9
1993,9,223.4,154.1,202,202,228,302,289,271,312.1,261,227,267.8,259,296,246,232.1,270.2546157,169,226,240,190,310,186.8,192.9,258,179.9,257,179,282.3,241,190.6,206,275,428.7
1993,10,138.2,296.2,195,195,247,133,85,153.4,102,107,90,140,58,192,77,123.6,194.3932937,225,156,68,156,184,144.3,118.1,140.1,211.6,175,145,365.1,218,330.6,136,241,198
1993,11,207.6,68.5,198,202,95,128,170,77.8,65.8,141,225,199.5,133,45,58,75.9,121.751792,180,124,139,140,66,68.1,112.9,100.3,103.3,342,150,282,221,219.3,137,171,298.9
1993,12,19.8,14.6,10,10,6,0,15,6.2,7.9,10,37,34,0,24,6,1.9,152,90,17,9,10,6,8.1,34.4,23.8,18.5,168,36,47,8,27.5,0,90,88.61529868
1994,1,5,29,17,31,95,0,10,3.1,0.7,8,8,2,19,5,6,0,115,27,55,2,14,50,8,5.1,0,0.8,5,30,47,0,24.3,0,41,0
1994,2,0,0,0,0,1,0,0,0,0,0,0,0,40,0,0,0.3,67,0,0,0,0,0,3,0,10.52885468,0,5,11,10,0,8.9,25,47,2.091704794
1994,3,14.5,101.7,67,80,100,105,159,109.5,121.4,19.8,0,22,77,52,64,74.9,54,66,123,121,50,206,57.7,41,15.42309489,101.3,90,50,63,83,31.6,48,26,81.7
1994,4,47.9,101.3,89,132,88,128,65,139.3,145.3,78.6,37,105,49,195,192,124.2,118,136,119,72,162,136,163.9,84.7,98.8,77.3,204,96,169.1,155,138.2,77,119,165.9
1994,5,217.2,208.2,203,193,182,196,226,234.7,161.6,230.6,202,258,245,275,244,138.6,695.6,230,194,169,175,357,188.3,314.7,178.9,108.4,200,286,297.7,208,300.3,282,281,345.3
1994,6,277,78.5,86,96,68,48,41,60.1,78.8,85.2,44,65.7,106,184,186,85.3,135,150,83,101,151,100,129,237.7,93.5,106.5,177,105,392.6,321,273.2,417,161,401.4
1994,7,57.4,117,44,95,128,159,155,169.2,190.1,235.2,170,189.3,99.2,157,202,168.9,101,140,182,159,83,179,123.1,132.7,95.3,70.4,155,116,370.6,343,202.9,290,148,211.3737462
1994,8,317.5,202.9,206,245,278,409,276,345.4,344.7,279.6,164,196,335,318,256,225.2,260,248,336.8,253,285,373,221.7,282.9,248,199.3,397,266,392.5,549,538,332,448,455.7982343
1994,9,110.3,90.3,129,195.4,160,189,194,194.4,170,211.9,52,158,201,53,173,150.2,322,231,223,90,126,246,89.8,209.3,196.6,172.5,138,255,281.3,282,237.6,190,411,236.1730123
1994,10,255.7,231.3,235,164,249,259,215,273.9,213.8,238,221,206.5,176.1,285,163,225.1,587,152,218,242,313,248,204.2,137.1,184.4,121.3,183,227,376.1,159,201.8,301,169,250.0703172
1994,11,122.3,262.4,196,218,141,196,176,137.8,239.9,62.7,163,209.8,101,126,119,130.1,90,286.6,288,103,114,233,111,268.1,182.5,147.6,54,132,253.6,86,164.9,116,116,293.3523114
1994,12,6,4.9,8,2,0,13,0,10.3,3.3,7.1,0,0,10,0,44,8.365391933,0,3,8,13,0,10,1.2,30.4,4.9,1.8,29,43,11,0,1.1,5,0,14.5447454
1995,1,0,0,0,4,0,0,0,0.2,0,5.6,0,0,30,0,0,0,31,10,0,0,0,0,18.6,1.4,0,4.7,75,0,44,0,5.5,10,32,0
1995,2,0,0,0,0,0,0,0,0,0,0,0,0,0,0,0,0,0,4,0,0,0,20,4.7,0,0,15.5,0,0,9.3,7,1.4,0,13,0
1995,3,0.7,50.2,13,20,31,39,0,22.3,23.5,53,0,0,16,63,7,4.4,0,20,2,0,0,30,16.4,1.3,0,2.1,46,75,50.9,9,2.4,71,18,44
1995,4,40,87.4,24,40,53,98,65,44.4,98.5,42,11,50,63,47,46,48.2,97,40,78,69,44,67,48.1,116.9,56.8,56.8,202,66,42.8,57,60.2,150,126,313.1
1995,5,105.2,137.978561,141,199,205,92,176,142.4,163,214.7,165,220.8,204,237,131,129.3,315,161,121,205,133,251,155.2,134.2,181.5,167.9,80,182,183.2,156,258.8,88.3,141,352.1
1995,6,174,104.3,155,244,153,167,78,98.8,163.9,238.9,134,123.1,167,173,262,177.7,447,101,205,202,195,106,201.9,215.7,147.9,193.9,340,221,226,199,191.2,84.8,234.5,426.6
1995,7,174.8,284.1,181,212,124,266,306,237.8,303.9,236.8,145,173.4,344,101,183,210.1,389,254,357,207,115,186,210.7,146.3,197.8,257.1,398,145,623.9,462,541.1,481.4,599,574.6
1995,8,99,216.3,249,352,375,131,127,187.5,104.4,247.4,176,139.3,262,299,174,86.6,395,308,128,108,150,172,274.2,282.5,246.1,310.5,195,302,292,437,593.1,164.3,296,202.6
1995,9,189,220.3294239,318,330,300,223,208,288.4,231.1,223.6,62,145.1,80,119,242,284.9,430,195,257,256,112,238,143.3,157.1,208.6,183.1,333,165,268.6,319,421.3,185.7,95,313
1995,10,297.4,132.8815572,127,186,106,140,158,131.6,167.1,185.9,41,254.1,209,177,158,140.2,220,203,125,249,71,248,110.8,209.6,172.2,140,391,169.6,331.2,360,360.3,34.4,283,563
1995,11,32,69.02829224,50,20,7,67,138,146.8,119.8,19.7,159,106.9,12,101,213,144.4,282,71,71,158,58,93,93,30.5,110.5,71,37,32,219,225,198.1,18.3,59,51
1995,12,28,53.97022388,80,49,84,20,23,10.2,7.2,100.2,95,144.5,163,50,26,16.9,77,22,14,30,22,102,45.5,76.9,124.6,122.9,14,11,102.3,115,103.6,40.5,120,7
1996,1,0,10.69356709,19,12,13,14,0,0,15.9,23.5,40,24,23,0,7,0,0,24,69,0,0,13,1,6.7,28,41.3,17,46,23,5,6.3,0,6,17.95264199
1996,2,1,23.4,45,78,99,75,70,33.14585361,54.6,99.6,15,0.4,70,5,108,68.1,198,57,78,128,25,4,18,23.2,3.8,30.9,12,69,172,38,83.1,39.5,24,55.4
1996,3,52.7,184.1,72,122,77,43,21,48.7,17.3,76.7,100,82,63,68,13,0,188,41,12,1,42,115,2,46.9,146.9,167.8,220,72,311.1,40,164.5,66.6,57,140.1
1996,4,41.7,45.8,95,47,116,178,160,106.1,151.9,97.4,135,63,202,80,158,89.1,247,133,111,145,117,102,174,157.2,61.4,25.7,86,62,265,127,173,187.5,29,270.5
1996,5,263.4,292.6,331,272,205,322,263,221.3,375.2,260.9,277,185,222,344,340,327.2,608,218,296,396,223,285,346,174.1,258.7,185.7,360,186,147.4,355,307.1,303.7,297,292.1
1996,6,120.8,61.1,159,302,258,171,99,120.8,132.9,352.6,162,109,280,119,183,109.2,316,124,113,103,106,98,160,206.7,165.3,140.3,390,219,331.8,354,379,330.6,227,463
1996,7,203.4,189.3,162,176,113,149,249,212.5926633,299.6,223.6,175,272,280,176,267,266.5,415,166,224,208,234,386,139,153.2,172.6,151.5,520,294,400.8,428,416.7,369.4,427,190
1996,8,212.1,187.4,345,358,357,137,223,201.9,188.4,208.4,89,219,344,237,180,209.5986823,516,290,204,242,184,274,148,261.5,247.9,259.2,322,275,439.8,544,644.8,368,572.1,591
1996,9,110.5,141.1372853,95,72,178,170,74,95.4,179.2,206.6,63,398,167,151,96,130.9627294,352,85,152,74,156,139,177,122.6,229.8,124.8,219,158,246.2,457,444.5,619.5,201,317
1996,10,66.6,145.7,96,126,53,103,191,164.3,173.4,89.5,40,93,64,103,169,155.1733343,485,176,232,203,32,92,99,124,174.8,152.8,120,161,559,341,417.3,207.4,212,149.3
1996,11,71.2,52.8,82,45,67,82,107,108.4,99.4,23.6,31,186,132,110,142,110.3090308,372,181,142,112,66,97,56,200,185.3,146.7,127,75,194.8,229,188.1,95.8,243,254.8
1996,12,3.9,2.5,21,27,0,23,0,41.4,12.5,64.9,2,15,30,3,18,4.5,29,50,40,10,0,23,41,33.3,3.8,3.8,75,24,121.1,72,41.3,0,45,27
1997,1,0.863700034,0,0,10,6,0,25,0,1.4,87.3,0,0.2,45,0,2,0,43,5,1,0,0,24,0,12.4,0,30.8,50,90,0,3,2.3,30,0,0
1997,2,4.8,15.5,11,0,6,4,0,22.98941644,27.9,37.1,13,0,23,10,10,37.9,11,41,17,23,7,27,22,48.7,0,49.7,32,96,25.1,24,37.7,16,7,26
1997,3,0,0,3,0,0,0,0,0.356500628,0,0,0,0,10,70,20,0,0,40,0,0,0,0,0,0.5,0,5.4,0,17,7.9,17,2.1,114.4,17,29.5
1997,4,157.3,54.1,103,64,129,121,161,98.6840853,150.6,43.3,0,85.5,128,121,128,163.3,197,163,90,84,110,138,103.7,98.2,99,199.2,217,115,157.1,138,133,194.9,125,116.3
1997,5,153.4,94,64,92,147,138,208,127.7631621,107.2,301.8,82.71129689,81.4,115,70,123,103.5,92,104,175,114,78,146,124.7,84.4,138.7,67.5,372,98,303.5,275,247.1,141.3,254,227
1997,6,168.3,200.3,290,378,327,171,160,389.4,112.8,212.3,229,197.4615552,185,145,122,197.6,309,210,304,281,107,146,136.7902316,149.3,0,140.4,190,212,507.3,391,408.5,251,289,509
1997,7,63.9,113.9,85,167,122,149,132,125.2,133.6,141,114,90.04980324,147,74,83,127.5,59,166,123,87,84,81,92.79353234,126.9,65.8,58.7,319,138,338.7,164,274.6,125.5,235,203.6
1997,8,91.1,185.4,107,183,274,137,142,126.3,122,122.2,166,125.8281944,184,79,109,92.7,92,231,291,103,64,95,127.5212191,93.9,113.5,163.6,248,142,319.3,324,209.9,202,160,326
1997,9,244,200.3,180,246,253,170,171,193.8,233.8,86.4,177,175.3494244,310,149,197,223.9,497,249,196,247,190,301,187.0314422,179.4,170.4,195.1,250,235,184,324,224.4,140,264.5,261
1997,10,176.9,58,51,61,9,103,124,133.2,112.5,62,175,193.1996981,96,76,55,134.4,0,152,158,169,141,84,91.72116258,103.5,204,155.1,300,201,295.6,183,143.9,90,128,266
1997,11,59.1,152.5,111,51,60,113,52,68.3,45.5,103.1,38,19.5,33,19,34,51.5,16,37,16,26,6,108,20.4,37.5,31,59.2,90,52,105.3,104,137.2,57,20,134
1997,12,2.8,44.7,73,41,0,0,0,0,0,3.5,0,10,25,0,0.1,0,0,8,15,1.1,0,11,0,12.7,1.8,2.1,0,0,6,98,0,19,0,0
1998,1,2.1,0,0,13,0,0,0,0,0,0,0,0,0,0,0,0,6,0,0,0,0,0,0,0,0,0,0,0,0,0,0,0,0,0
1998,2,0.8,1.2,18,16,13,0,0,0.7,7.1,14.9,0,0,15,10,0.2,2.1,0,5,7,0,0,39,42.1,0.1,0,0,81,35,92.3,67,28.2,2.3,16,28
1998,3,8.4,11.9,22,90,40,0,7,0.9,5.2,25.7,14,1,0,0,0,10.3,106,88,12,20,0,0,7,5,0,0,120,9,25.7,15,74.7,15.3,36,93
1998,4,255.8,209,83,105,72,108,124,100.5,34.6,139.9,26,14.2,2,82,76.3,34.5,137,133,46,16,73,61,104.3,129.5,39.6,32.7,61,18,108.8,69.7,101.1,146.8,48,192
1998,5,248.9,270.2,242,308,268.8,356,295,262.4,377.6,434.7,130,141.8,353,331,383.2,361,215,255,362,343,268,395,324.1,305.7,192.2,190.3,294,375,798.4,382,502.0569643,17,516,402.0566098
1998,6,275.8,229.1,160,168,240,137,185,218.3,139.1,173.2,227,73.8,297,183,166,169.2,85,134,171,145,168,204,200.7,111.3,136.7,178.4,187,237,308,277,297.6992547,22,561,218.1
1998,7,176.5,178.9,109,105,160,202,163,149,182.6,239.2,133,133.4,261,257,237,206.4,44,132,152,163,227,295,183.1,123.9,135.7,163.6,190,157,599.9,292,398.2834698,295.3,387,382.7
1998,8,300.9,227.4,161,90,33,205,152,187.7,188.4,158.6,325.5,309.5,345,172,206,159,122,192,189,146,162,277,225.2,240.8,264.4,255.5,297,245,620.2,336,429.8869004,271,416,251.8
1998,9,113.9,70.6,131,82,231,96,49,122.2,155,115.1,231,71.9,176,164.5,80,126.8,202,114,132,100,114,248,219.7,100.4,120.6,243.6,135,160,251.3,466,356.4369503,80.7,285,393.3
1998,10,303.4,83.1,108,53,20,143,46,55.6,96.3,101.1,130.6618189,124.6,89,102,49,89.5,268,130,101,30,71,148,67.5,56.3,121.5,66.7,267,116,273.5,249,247.6657234,62.7,153,142.1
1998,11,188.7,41.3,98,72,76.5296801,117,102,136.4,147.5,106,96,153,59,176,63,177.9,208,145,76,56,101,87,100.2,122,50.1,91.56968774,130,80,382.4,130,233.6990844,131.2,194,189
1998,12,48.7,98.7,120,126,26,53,141,167.1,121.9,148.2,42,196.1,204,77,81,107.1,406,47,158,136,23,0,144.3,102.9,162.9,96.28254715,103,73,124.9,109,118.2801822,15,120,115.8
1999,1,18,4.4,57,35,5,13,0,22.1,10.9,29,10,6.8,43,8,0,0,0,14,46,0,3,0,5.7,41.4,1.5,14.8,40,0,8.1,16,13.67891446,15.6,51,29
1999,2,2.8,54.4,128,74.67828685,57,98,66,99.8,57,126.9,15.27291442,22.2,15,64,34,58.4,22,82.71261633,89,110,38,110,85.3,87.5,18.8,39.1,146,73,64.9,48,89.45445427,69,75,141.3
1999,3,32.1,27.2,49,72.36626175,47,47,49,6.7,49.2,84.1,14.70625987,14.1,22.5,33,29,67.5,60,72.73874901,91,81,30,74,61.5,14.4,18.8,14.8,122,70,70.5,3,26.2,2,33,65.2
1999,4,14.3,197.8583743,227.7597516,228.1462733,227,151,151,283.3,96.9,193.6,66.00317919,19.4,89.2885083,58,156,141,147,208.0757125,174,133,195,127,122.7,155.7,39.9,137.3,204,65,345.8,59,154.6,118,265,238.2
1999,5,226.03585,146.6337269,155.1054397,175.9658487,147,211,200,138,85.5,148.2,138.4884435,119.8,178.7141525,216,187,164.5540721,485,185.7276331,178,157,170,181,176.5703454,173.8113345,133.8828567,153.8,152,44,420.1,86,205,243,98,313
1999,6,221.933297,127.4293835,174.0395489,209.770996,316,145,125,102.3,169.1,151,208.5492081,214.1,222.0656664,227,164,126.3,177.2046672,163.1972083,133,138.9482178,112,191,198.0741763,166.1834548,198.016743,167.7,252,236,555.6,423,379.2755247,171.5,301,454
1999,7,395.2,252.3690802,286.7618687,268.3252186,270,310,318,245.1,266.6,201.9,201.5967125,327.1,217.3190182,220,226,257.5,342.5473884,330,350,279.3697755,185,253.186884,186.1296545,246.3986132,191.8,169.5,208,264,399.3946065,357,399.8864547,274.4,351,443
1999,8,225.0133195,145.0003383,174.2613988,218.1818305,248,143,143,181.1921189,117.2,187.4,186.6690151,270.7,215.6529385,400,186,177.1843827,227.6300053,175,121,178.2385045,222,202.2738003,199.0317092,214.9834932,147.4,120.5,405,232,508.0784999,392,417.2651964,150.5,507,427
1999,9,237.4760604,147.5191594,151.497823,180.0474736,160.6788268,175.6632,161.1146262,158.332393,152.3,137.9992059,233.5612427,324,225.1286886,308,201,181.0372074,218.6034812,115,169.4432309,173.7553002,325,224.1668348,195.2662604,214.0191861,219.6,141.3,224.2,274.443871,364.8197528,103,177.4,73,260,324
1999,10,185.8545675,214.6048222,233.8558583,254.7486431,224.631471,259.1969021,246.8085325,248.7147336,196.6,183.8741168,207.1522212,126,232.8366742,205,190,212.4780785,286.8608734,263,272.8077542,226.6542223,182,292.7588924,139.4999719,228.7533958,270.7,177.6,394,155.8510675,385.2280795,342,284.5,113.9,493,404.1
1999,11,145.0225704,37.79222325,45.66188147,45.21212346,46.67937898,69.4938197,60.58038595,61.39989996,57.2,89.82054651,157.5803353,170.1,85.23171398,134,59,63.02850472,45.85271192,33,50.29735369,55.99364304,129,110.1807978,58.06896941,51.04589803,121.3,134.4,187,52.15871286,164.9294273,263,94.6,171.2,132,50.5
1999,12,78.09335184,146.5292139,138.5665521,123.2196508,116.6784683,100.2732933,102.238866,110.5032548,138.4,125.8747692,65.27939458,51.8,45.97121708,210,85,81.53500918,113.9867626,46,98.09301857,90.87379022,41,118.8181242,51.56979003,100.9930581,43.1,63.5,119,61.68133631,269.5504227,83,53.2,114,29,160.9
2000,1,18,20.2,30,157,7.647087835,29,38,13,9.9,3.1,7,0.4,0,17,71,12.6,43,42,25,89,6,17,13.9,43.6,3.8,8.3,0,114,32.90917213,167,60.5,0.1,25,58.3
2000,2,0,55.8,61,45,35.23169686,16,50,13.5,16.2,49.4,0,0,8,58,23,22.6,4,42,13,28,17,5,26.7,33.2,2,25.3,15,82,36.64394505,0,21.4980825,81,0,27.2
2000,3,0,14,0,19,3.741014161,0,0,0.4,0,21.5,0,1.3,8,0,12,3,13,0,0,0,8,0,7.4,3.8,5,0.3,0,24,28.31934092,20,16.56126324,7,56,0.3
2000,4,99,58,112,54,86.54312629,39,46,86.7,49.8,127.3,47,30,61,118,43,33.6,71,58,74,81,55,47,36.2,67.1,94.9,63.3,122,103,195.2510317,168,234.2,138.5,81,153.4
2000,5,224.8,110.2,173,103,152.978229,122,250,156.7,102.6,139,112,154.5,95,257,258,172.3,285,244,348,240,199,233,189.6,299,254.1,134.1,173,128,413.4423461,279,391.6,216,308,231.2
2000,6,186,94.8,171,190,172.4051842,140,57,108.5,128.2790218,93.4,215,114.8,161,61,164,53.2,183,210,77,33,145,158.3843927,237,187.2,128.1,136.9,263,167,381.2767349,232,203.8,167.4,235,299.3
2000,7,148,374.4,193,144,196.1313362,147,88,125.2,40.7,172.8,90,83.5,63,137,76,129.8,189,139,113,218,79,132.4100786,55.3,97.6,83.8,21.6,365,114,404.5943578,315,539,121.9,202,259
2000,8,151.6,326.1,286,308,242.9063725,267,138,125.3,110.7,239,180,116.6,248,166,225,155.2,419,160,180,164,119,182.9307777,141.1,112.3,195.7,129.1,226,203,509.7325074,461,367.2,269.4,248,301.9
2000,9,270.3,244.7,277,190,191.9539164,189,249,208.5,224.9,155.9,157,257.3,161,133,200,209.5,439,158,212.5,259,73,233.2967268,152.6,156,238.8,161.5,286,155,453.5555054,417,329.7,71,301,269.9
2000,10,184.2,83.7,284,183,221.0013061,165,167,142.7,158.8,238.7,50,37.3,148,160,160,223.1,617,164,211,228,92,216.1600918,70.5,86.1,34.5,112.5,184,81,357.2038217,171,351.8,132.2,240,272.5
2000,11,129,56.9,45,60,41.46525298,32,97,51.4,13.1,57,51,50.3,63,86,61,17.8,100,48,41,41,41,72.15195566,0,46.5,60,84.1,100,45,133.5745562,142,40.2,115,99,80.8
2000,12,52.38266774,68.3,110.3410988,80.6396489,91.24033985,32,68.61262189,81.1,24.6,90.77787786,62.24520079,62.84718079,35.75832166,53,82,22.7,59,86.19124699,60,57,41.94050379,51,34.61041756,21.7,64.01870788,52.97347762,46,28,12,119,102.5,84,84,45
2001,1,3.4,32.9,33,0,13.45456011,3,25,0.8,1.4,43.8,0,1.7,15,0,13,29.4,31,16,22,20,20,66,76.4,39.4,14,37.4,4,9,0,0,0,0,0,6
2001,2,0,0,0,0,0,16,0,0,1,1.2,0,0,0,5,0,0,0,0,0,0,0,0,0,0.5,0,0,9,2,8,0,0.3,0,0,0.5
2001,3,2.4,23.5,54,31,31.4956042,47,38,19.7,1,38,0,5,12,15,98,27.2,0,32,20,26,0,0,0,2.3,33.7,7.8,38,11,19,13,49.4,86,95,130.7
2001,4,17.2,45.3,82,67,101.3988947,9,69,27.7,59.8,193.9,0,2.1,60,32,41,58.4,63,125,95,63,55,70,17.6,123.6,40.4,18.3,122,72,36,12,38.2,110.3,49,123.4
2001,5,193.3,102.3,169,148,142.3925026,146,109,104.3,90.5,157.8,84,68.6,253,180,249,165.9,234,113,130,210,103,213,87.8,203,83.6,169.5,57,226,224,190,185.6,175.5,279,299
2001,6,103.1,90.8,71,108,131.7158463,76,107,116.3,105.9,185.3,74,61.1,101,148,114,85.6,31,51,86,91,80,96,108.2,103,87,73.8,198,118,109,245,288.8,164,205,238
2001,7,100.5,72.1,153,72,126.5581055,77,108,57,80.5,142.4,95,142,72,35,88,74.2,66,109,139,116,64,110,83.6,129.1,101.7,59.3,125,89.1,252.0311462,369,133.1,268.5,140,266.8
2001,8,237.5,311.3,201,305,228.8726313,134,199,201.9,145.8,269.1,408,308.7,254,284,165,148,221,194,217,191,187,305,276,277.3,253.6,247.3,205,252,349.4094638,296,264.1,55.5,177,317.7
2001,9,246,307.4,289,255,240.4969259,358,296,299.9,371.2,162.7,356,331.7,215,393,296,378.3,63,320,439,416,236,400,277.7,317.8,164.4,227.2,149,350,79,373,318,236.5,323,376
2001,10,176.5,143.4,199,62,156.5109428,77,90,109.8,59.6,189.4,149,211.3,157,146,88,67.6,295,245,94,72,120,150,220.9,121.1,205.7,185.7,200,159.6,212,288,112,379,223,292.6
2001,11,129,136,139,129,97.34295362,102,248,136.8,156.1,153.3,308,263.4,144,177,97,119.3,98,151,407,245,123,75,107,183.9,246.3,150.6,131,130,218,313,169.9,160,193,440.4
2001,12,13.3,33.7,26,8,47.69113469,21,0,5,38.7,16.6,10,4.9,72,68,39,13.7,62,63,60,67,6,125,25.4,62.8,35.8,29.7,77,32.3,165,148,13.6,163,83,55.9
2002,1,0.4,7.2,7,13,29.4,0,0,5.1,0,18.8,0,0,0,0,0,0,11,4,10,0,0,15,0,7.2,1.7,0,0,0.5,6,0,6.3,3,0,3
2002,2,0,32.5,0,0,0,0,7,4.6,1.2,2.358836431,0,0,11,5,0,0.5,0,3,4,0,0,45,10.2,0.5,0.7,24,0,1.6,3,0,0,60,0,13
2002,3,11.7,28,36,25,40.5,33,32,33.4,18.6,35.5,0,14.5,29,15,63,77.8,0,2,139,19.75585661,17,0,30.2,0,0,43.1,75,75.8,95.8,88,35,76,65,50.4
2002,4,13.1,156.1,276,228,135.1,69,137,97.4,105.8,267.5,36,41.6,134,81,106,79.7,0,61,132,90.13583697,95,165,68.1,89.2,44.8,51,150,153.4,69.8,206,253,103,244,311
2002,5,59.2,108,93,201,168.8,110,148,163.5,137.8,140.9,110,44.2,173,137,160,139.6,0,193,263,152.2826975,90,195,128.7,142.1,91.2,66.8,277,214.1,190.8,239,275,284,282,259
2002,6,124.6,157,149,107,171.6,54,117,65.7,56.7,201.2,77,96.2,94,126,71.2,55.4,74,142,435,109.8928009,58,90,111.6,176.8,122.2,51.6,190,156.6,65.9,106,275,90,186,227.1
2002,7,120.7,168.8,265,168,190,216,229,168.3,148.1,193.6,76,69,135,164.9,139.4,191.3,139,252,280,181.2307515,132,195,179.4,160.6,171.4,86.7,388,63.3,172.1,307,594,194,422,388.8
2002,8,44.3,72.5,86,194,245,116,100,87.6,80.7,111.5,39,80.3,242,43,140,98.7,32,54,160,92.76877498,44,115,90.9,61.6,96.1,149.4,375,125.5,124.9,116,247,239,190,311.6
2002,9,173.9,115.1,197,170,191,141,116,144,95.7,64.9,191,130.3,140,224,139,127.3,62.5,136,152,151.1847748,104,215,39.5,97.1,114,94.5,355,127.5,407.8,191,587,341.5,525,330
2002,10,170.9,143.8,104,38,49,121,118,101.5,70.7,132.4,68,193.9,70,178,109,114.2,115.5,194,143,137.1432593,181,220,49.7,146.8,155.5,139.1,137,133.5,311.2,376,248,339,253,225.2
2002,11,79.5,91.5,119,108,136,22,26,63,29.6,129.2,45,25.4,136,10,26,35.6,0,101,49,60.07178572,24,125,45.5,26.1,86.8,95.3,167,19.4,58.7,59,223,197,109,275
2002,12,151.4,38.3,56,56,57.6,70,68,70.2,55.1,43.5,42,50,5,30,50,81.8,0,123,97,45.22695238,89,80,37.5,32,42.9,44.3,50,22.5,20.9,23,1,95,10,30
2003,1,1.4,0,0,2,9.5,10,0,3.7,2.6,0.1,30,0,0,0,0,0,0,0,0,0,0,10,0,0.3,0,0,40,13.5,11.2,19,1,40,0,20
2003,2,2.7,14,50,30,41.4,2,10,2.7,0,6.1,0,2,10,0,5,14.5,9.426908053,13,20,6.044301094,0,0,40.3,60,1.2,2.3,20,45.3,14.5,4,11.5,0,60,9.45494299
2003,3,5.4,25,23,90,91.5,51,72,69.7,40.6,118.7,0,0,17,37,0,23.5,0,86,113,29.36989303,65,40,21.1,44.2,0,10.3,61,27.8,21,31,68.4,32.4,10,46
2003,4,152,79.1,148,75,114,213,245,253.9,208.9,112.9,137,57.4,142,91,161,210.7,84,155,280,160.6291863,190,163,114.2,238.9,111.2,141.9,230,94.6,54.2,152,204.7,385,0,326
2003,5,110.2,159.6,235,220,248.5,117,211,108.7,123.5,210.1,81,81.1,199,139,227,115.9,117,261,276,191.6071919,144,205,99.4,173.5,61.7,120.3,250,62.2,236.1,71,365,183,286,200
2003,6,187.5,226.9,279.3,181,134,261,197,371.9,205.5,141.1,237,147.2,219,134,202,160.1,116,248,210,189.9236134,125,230,115.4,170.9,111,112.7,390,181.4,82.2,133,198.7,71,266,410
2003,7,363.4,137.3,62,110,109,172,234,126.4,145.4,73.5,142,143,186,315,188,143.9,169,225,197,191.5043801,134,170,155.9,157.7,171,213.8,105,216.3,134,160,301,165,294,244
2003,8,308.1,265.8,142,152,400,122,145,168.2,138.8,461.1,100,66.6,94,215,159,114.7,266,166,145,161.7586107,170,250,78,138.5,141.4522169,122,276,198.5,316.6,217,498,109,245,470
2003,9,258.7,272.4,139,89,106,144,300,167.9,164.8,143.9,169,205.5,191,271,210,178.9,175,349,123,202.6611242,250,195,97.9,242.1,203.0063313,311.4,212,166.6,457.5,354,238,187,161,222.6
2003,10,44.6,207.2,175,152,105,57,282,80.5,95.2,230.7,128.8503583,77.8,124,184,156,112.1,140,215,191,132.0470057,138,110,96,51.5,142.84969,31.8,115,186.9,535.3,248,258,85,223,239
2003,11,241.7,72,96,100,126,113,107,164.1,110.6,136.2,196.9893537,225.3895257,225,176,116,165.2,0,146,66,107.2911674,78,120,92.5,141.4,182.480331,150.4092444,219,55.7,210.9,317,360.6,239,186,310.5
2003,12,38.7,53.5,70,45,61,49,54,48.3,4.5,45.6,56.78391627,55.12634866,71,46.68168245,19,49.3,0,123,35,49.10311122,24,75,25.1,56,59.12849161,47.23754839,99,53.3,66.6,22,28,53,21,160.1
2004,1,5.6,10.6,17.00654655,31,16.78836344,5.974095392,4.828736984,21.1,3.1,35.42631712,8.4652075,5.609324636,0,11.18491067,11.57850104,0.5,8.59200816,33,6.398810953,5.504319367,2.075817397,0,15.50926621,80,10.30030396,13.44333557,13.55190216,0.8,16.89264736,4.488428614,0,4.077343811,0,3
2004,2,23,13,5.021337957,0,0.609087096,1.494936512,2.001148636,0,0,7.63947166,8.126390568,4.697729973,0,5.615761611,3.20938104,0,1.578706618,22,1.964686498,1.807009884,0.411248401,0,15.1055404,0.1,10.58971252,14.42345852,0,3,0,0,0,0,0,0
2004,3,0,9.1,5.043706117,9.938330224,0,0,0,0,0.4,9.356299587,7.768724807,0,11,5.409736522,2.755257053,0,1.398713811,13.50562516,0,0.032545297,0,0,0,0.9,0,0,4.572437301,8.093648235,0,0,0,5.568626608,0,5.878165222
2004,4,66.1,112.6,201,134.8994223,183,94,68,96.5,30.2,121.8,0,9.3,59,81.09717498,71.54913345,75.60458579,104.5653847,157,85,83.58068897,48,100,56.4,72,96,154,182,113.5915577,456.6,60,159,50,196.1,232
2004,5,174.8,253.8,135,189,140.9,140,191,157.1,133.1,161.2,287,233.8,348,150.7803255,200,153.1016238,183.8070201,126,149,167.0595096,127,180,202,109.9,194.6,146.5,357,207.7729218,537.5,269,281.6,188.2,270.9,560
2004,6,177.1,155.7,253,231.8,210.4,109,203,213.7,142.8,267.8,110,113.8237961,52,95.9,119,184.9,27,208,193,143.9968984,96,165,42.1,75.8,61.4,59.5,353,146.3,114.3,132,278.7,290,210.2,416
2004,7,219.7,182.2,123,117,87.9,172,216,161.8,152.2,130.1,64,207.1721916,275,130.3,96,153,12,178,158.2,173.4760815,109,205,228.6,165.3,220.5,209.6,215,182.8,344.7,180,304.3,318,200.4,590
2004,8,213.8,84.8,159,178,129.3,227,226,209.8497527,195.4,133.8,271,185.8645096,164,171.7,268,188.4,226,301,253,199.3688011,203,220,62.3,153.7,159.5,62.5,239,143.6,566.8,293,389.5,516.4,349.7,491
2004,9,164.9,215,167,203.5,322.4,267,397,232.4,174.4,280.7,130,224.0639168,250,322.823627,286,195.5,516,285.7724247,352,283.8010437,252,255,244.8,302.8,320.3,238.2,319,246.8648548,362.6,147,375.2,94,138,427
2004,10,226,169.6,289,242,0,40,126.8929253,115.8,85.7,80.9,187.659624,276.2,143,93,141,75.3,428,205,87,118.7228418,89,175,101.1,135.9,205.1818531,107.6,198,50.8,494.5,160,198,222.8,190.5,307
2004,11,205.0090466,90.6294955,112,203,28,100.871014,102.5502111,65.4,115.5,196.2,171.9266375,210.1,100,95.08397941,84.10479341,89.5,110.3781224,108.2243763,108.4768719,97.27757689,84.62858587,139.1778635,42.3,86.3,165.6855346,165.1,265,83.6,268.5,98,139,117.4,195.3,302
2004,12,54.30516602,52.49329362,71,17,46,42.75497592,45.71365802,42.5,69.8,42.4,32.58914817,32.2,28,29.7,38.39709619,35.54699093,58.1174017,93,49.30347129,43.00305521,29.19094237,58.56976338,53,27.1,35.78264822,43.1,30,24.7,1.3,69,57,0,20.9,56
2005,1,10.2,38.6,67,2.2,0,13,26,11,19,6.4,8.508212772,0.4,33,0,0.2,10.7,0,0,12,37,40,30,12.2,24.1,0,0,30,10,75,3,22,34,9.7,0
2005,2,0.3,1.5,0,10,0,0,0,1,0,0,0,0,0,0,0,0,0,0,0,5,0,0,0,0,0,0,5,0,0,0,0,80,0,0
2005,3,11.1,0,99,60,24,62,67,37.3,52.8,48.2,5,13.5,8,15,0,28.1,0,43,76,74,34,20,12,28,0,0,55,7.7,25.3,33,29,116,10,45
2005,4,134.1,154.6,101,83,77,170,85,196.7,100.3,217.4,58,57.6,207,100,170,144.3,132,177,106,64,215.2,195,64.2,85.2,57.7,179.2,180,104.2,483,191,374,53,184,208
2005,5,265.8,113.9,339,273,346.5,166,243,145.7,197.5,193.6,27,144.9,202,329,280,229.2,36,289,330,246,308.6,235,300.1,285.6,224.5,209.5,399.4,62.8,128.3,98,340,490.3,149,300.7
2005,6,111.7,206.1,418.3,271,204.4,133,158,205.3,187.1,266,113,206.6,45,105,143,115.7,10,219,144,169,68.2,165,52.3,92.7,139.2,76.6,555.3,185.3,232.3,358,500.2,144.7,368.7,478
2005,7,329.8,157.2,180.6,173,88,261,226,223.9,206.5,301,130,196.1,137,380,241,238,28,224,222,212,308.1,215,211.5,231.2,268,160.6,318.5,235.6,499.4,336,221,221,179.5,409.5
2005,8,223.8,153.6,86.7,299,158,151,244,192.6,175.7,145.5,151,235,125,262,278,209.7,11,186,280,261,285.3,185,141.3,221.7,220.3,195.3,463.9,158.6,532.3,407,582,364.2,369,594
2005,9,258.6,139.1,183.5,332,358,155,117,159.7,178.5,186.2,139,321.9,166,170,155,171.3,64,139,131,243,135,220,182.7,192.4,139.1,136.7,278.6,180.1,511,375,230,292.5,261.3,446
2005,10,139.6,114.1,53.7,273,272.6,120,131.2,147.7,65.3,167.9,68,235.3,88,125,215,144.5,145,191,175,128,151,190,116.6,197.9,149.5,142.2,357.3,146.9,220.5,248,293.1,209,90.6,321.0204454
2005,11,273.5,61.1,54.6,58,45.3,213,269,247.7,199.2,68.8,144,379.9,186,186,252,247.4,180,189,255,166.7459878,218,315,156,139.7,256.3408462,205.1,171.4,214.6,370,195,341.6,207.7,139.1,351.8251033
2005,12,38.1,30.8,71.7,127,26.2,51,12,52.1,43.4,6.7,47,43.2,52,77,53,47,2,59,4,31.67965708,49,30,19,28.3,46.6544458,27.9,77.7,78.3,69,35,20.4,29,21.5,30.62578189
2006,1,45.7,0.7,30.2,18,16.1,20,19,11.8,18.8,70.9,46,1.2,22,0,4,1.4,0,47,31,10.93492616,2,20,6.4,7.2,28.4,46,39.3,24,0,9,24.4,51.5,74.2,31.85280361
2006,2,5,0,13.5,37,0,28,0,6,6,27.1,14,1,0,0,37,32.4,0,32,0,11.31662416,2,0,0,16.6,2.8,0,35.7,10.5,130,0,5,28.5,0,25.7
2006,3,28,94.6,95.9,76,188,16,105,27.6,21.2,89.5,0,7.623376138,22,51,95,20.1,77,73,60,52.6,18.2,10,85.8,119,0,30,130.1,19.7,0,81,48,60.1,94.2,133.8
2006,4,93.2,87.7,60,168,75,109,128,110.7,118.4,105.1,45,130.4,90,213,53.4,138,199,141,173,74.8,133.3,135,148.2,151,119.3,68.9,130.8,148.9,398,168,171.2,174.1,296.6,328
2006,5,361.2,233.3,224.9,215,182,373,322,315.7,359.4,161.4,225,270.2,208,234,115.7,292.1,292,272,365,44.8,247.5,350,187.3,80.1,244.8,151,252.6,175.7,244.4,338,277,244.7,261.9,485.5
2006,6,53.1,91,121.4,176,126,236,130,175.7,196.2,167.9,112,170.5,105,129,67.5,318.3,83,232,133,48.4,188.3,130,191.3,119.2,113.2,63.4,363.9,151.6,364.2,178,291,229.2,223.7,400.7
2006,7,132.3,213.9,215,307,228,173,262,137.8,163.1,217.3,199,172.7,122,142,18.2,156.2,131,278,246,74.1,78.7,325,145.5,95.9,118.9,117.5,343.8,103.7,325.5,219,188.9,202.1,212.8,404.8
2006,8,220.8,223.6,308,185,186,191,350,269.6,258.1,214.3,298,107.5,55,156,112,211.2,168,296,309,113,173.8,170,160.4,188.1,84.5,43.6,311.7,163.8,411.5,346,376.6,188.8,264.3,500.5
2006,9,117.5,71.3,139,141,142,89,179,134.2,121.2,64.7,95,123.8,137,136.1,70,114.9,107,103,145.7,112,97,170,80.7,92.3,150.8,84.2,211.9,90.6,258.2,203,378.5,171.6,253.4,454.7
2006,10,264.1,89.4,71,116,67,56,49,51,66.4,96.3,322,186.9,102,153,25,84.5,43,39,80,81,94,192,142.3,100.7,157,140.7,169.9,201.2,260,316,195.1,236,286.6,364.6
2006,11,70,59.1,32,81,146,37,66,68.6,61.00816852,169.9,105,116,80,84,19,94.2,91,76,2,20,79.3,95,53.5,156,111.0673646,121.8,314.9,117.4,386,179,237,121.1,196,177.7
2006,12,15.8,22.2,48,126,31,23,70,14.5,25.9,216.6,57,13.7,28,40,22,27.6,46,45,30,54,30,0,73.4,20.5,25.2,49.8,90.4,57.6,52,180,116.1,69,122,100.4
2007,1,0.6,0,0,0,20,0,0,0,2.3,10.9,0,0,0,0,0,0,0,0,86,0,0,0,1.2,0,0,0,0,0,0,4,0,0,0,0
2007,2,0,12,0,1,8,0,0,0,1.7,0,1,0,1,0,0,1.5,0,0,0,0,0,10,0.5,1.4,0,0.6,6.4,0,0,5,0,16.2,0,4.3
2007,3,2.8,79.3,50,124,51,93,44,80.2,68.7,35.1,0,4.6,33,103,36,38.9,40,65,37,7,139,80,25.6,40.4,0.4,41.1,127.8,36,58,59,79.08350751,201.7,50,219.4
2007,4,170.5,241.4,278,221,199,151,224,189.4,127.6,190.6,139,57.8,108,140,177,102.5,197,144,200,215,137,215,149.7,124.3,134.8,192.4,253.1,224.9,431,212,274,144.8,378,133
2007,5,324.5,147.7,56,130,115,206,139,151.8,266.8,156.9,91,422.4,45,144,173.8,164.3,170,121,202,77,215,125,70.5,72.5,215.4,236.8,214.6,158.8,394,549,405.2,154.4,338,164.9
2007,6,327.2,225.9,298,255,387,212,218,256.2,146.6,378.5,41,148.6,205,192,356.4,237.5,261,173,243,252,187,128.5,175.3,171,185.3,154.7,343.5,214.6,290,164,442.5,261.2,210,404.7
2007,7,136.1,177.6,155,88,134,103,111,117.8,86.1,306.1,74,162,298,214,379,150.1990163,75,125,83,97,241,305,194.3,178.4,153.9,195.5,135.2,177,391,236,314.2,206.7,403,380.7
2007,8,279.8,176.7,216,264,294,214,267,242.3,203.6,352.2,133,264.1,200,261,428.1,247.8,283,232,174,227,234,270,205.4,212.3,219.5,237.4,306.9,220.9,581,520,385.5,685.5,424.0205922,500.6
2007,9,153,188.6,253,198,379,131,135,141.1,116.2,218.6,127,88.4,327,164,359.3,108.5,266,158,159,200,91.5,230,88.2,89.4,123,110.8,371.7,107.9,264,293,256.5,358.1,243.949462,668.5
2007,10,91.3,134.7,189,275,93.6,153,135,195.8,159.6,257.8,125,238.2,180,220,468.3,108.7,103,225,42,95,155,145,253.8,166.8,164.1,124.1,499.4,226.6,355,335,361.9,331.4,300,396.8
2007,11,33.3,7.4,36,44,45,38,19,43.48918239,16.6,118.1,60,91,53,37,70,29.6,70,28,0,0,55,80,12.6,72.4,62.8,85.6,163.9,13.7,114,69,238.5,73.5,89,83
2007,12,85.4,60.2,123,124,43.7,45,81,53.3,55.1,40.5,37,48.5,100,52,53.6,42.1,111,159,73,45,46,50,72,76.3,45,85.5,63.5,40.2,161,116,91.3,74,235,59.5
2008,1,0,7.2,48,26,11.9,0,31,11.4,11.3,13.2,0,2,11,9,51,20.1,36,35,0,23,25,20,13.4,22.9,13,6.1,15,0,0,3,0,6.1,0,14.3
2008,2,53.4,25,92,62,46,37,55,67.9,27.4,0,11,0.2,22,36,30,13.5,12,53,0,19,58,40,30.6,16.8,0,19.8,37.4,84.5,28,1,14,53.9,50,39.6
2008,3,6,34.7,34,30,13.7,55,44,69.2,35.8,75.2,4,22.6,0,22,59.2,43.5,42,47.57927752,0,28,5.5,22,2.4,34.2,0,21.2,33.3,53.1,104,30,17.5,0.2,50,35.1
2008,4,15,43.7,45,100,64.1,45,30,54.5,56.6,71.1,15,6,18,63,175.3,34.4,43,63,47,45,78,110,48.7,62.9,45.7,35.2,189.3,119.4,236,182,159.6,251.9,282,184.5
2008,5,188.2,229.9,290,265,261.4,249,255,156.3,320.7,322.9,207,101.2,193,235,286.8,301.5,147,161,100,270,145.3,189,170.5,168.4,47.5,65.3,209.8,162.8,284,73,243.3,248.2,708,310.4
2008,6,90.2,223.7,173,261,298.5,126,151,132.7,90.7,263.9,206,278.6,140,189,108.9,107.8,143,225,194,114,115,150,147.9,160.4,247.4,232.4,288.5,170.3,254,181,315.1,224.3,484,343.5
2008,7,133.7,90.5,168,167,132.4,119,132,105,90.5,104.9,191.5767215,159.4,232,84,57.2,99.4,264,160,79,180,129.8,204,225.7,128.4,195.3,184.5,370.1,176.5,582,552,577.6,293.1,745,385.2
2008,8,210,96.7,128,218,187.6,252,138,161.9,216.2,170.7,203.7723634,204.6,312,200,298.4,173.4,197,116,112,252,286.4,217,237.5,206.2,137.3,178.1,356.2,159.5,538,585,341.8,319.9,428,540.9
2008,9,288.2,263,233,203,107,156,278,208.9739884,259.5,143.1,230.8233285,317.5,270,177,203,321.4,283,147,68,287,286.9,260,200.8,221.7,259.9,115.4,251.5,338.7,299,390,529.7,346.2,659,410.5
2008,10,178.9,155.6,141,269,203.9,225,89,194.2,243.8,245.3,152,283.5,115,243,273.5,238.7,196,134,115,204,134.5,358,52.6,62.3,253,137.4,416.3,72.2,586,618,441,246.1,512,349
2008,11,310.7,102,161,141,53.1,307,463,214.643528,272,150.3,334.3,218.5,190,302,304.4,257.7,272,264,251,310,171.8,315,100.5,278.4,344.5,198.7,97.9,347.6,393,172,336.6,366.4,217,194.1
2008,12,3.3,0.5,12,25,13.7,0,14,4.8,3.4,33.2,175,68.8,14,30,0,0,18,44,23,79,44,35,26.1,0.4,19.4,4.4,0,23.6,55,10,10.7,16.5,18.42585464,30
2009,1,17.6,33.7,5,13,4.9,71,23,83.5,43.2,4.3,8,1.8,63,16,4.2,72.8,196,21,22,11,3,35,29.5,13.8,2.2,0.7,0,4.6,12,2,2.5,7,0,39.8
2009,2,2.773171357,6.2,6,11,6.7,8,11,0,2.7,72.2,1,0,8,44,23.8,3.7,0,0,5,3,30,83,0.5,1.5,14,7.4,0,62.6,18,21,7.5,7.7,0,42.5
2009,3,3.107083593,3.2,83,89,69.4,12,6,1.7,4.5,91.8,84,38,19,27,8,9,50,55,0,40,5,45,47.7,59.2,64.8,3.6,260.9,51.4,127,27,118.6,74.3,28,169.2
2009,4,28.48883623,26.7,80,37,122.1,53,34,50.8,45.7,52.9,29.77627643,57.3,87,125,127.5,36.2,73,96,8,30,85.5,95,161.2,146,35.8,31.3,87.6,171.1,188,51,97.4,74.7,127,194.6
2009,5,175.5920412,170.3,187,315,267,124,94,97.1,156.9,245.8,114.2210716,135.7,212,196,198.8,266.3,100,103,301,122,144.3,265,90.7,144.3,159,54.1,184.7,118.8,295,271,95.5,221,259,181.7
2009,6,184.8825192,135.3,197,144,298,160,294,236.9,217.5,317.9,222.1237276,222.2,219,288,130,285,217,146.1,202,245,269,268,200.6,297.6,235.6,166,262.5,278.1,293,243,302.2,248.1,148,251.4
2009,7,230.4580027,106.5,207,141,154.8,296,298,334.7,302.5,148.9,133.9230007,157.1,95,256,305.4,317,354,234,355,333,256,285,103.5,321.3,140.6,62.2,186,139,508.3,536,504.7,264,462,196.7
2009,8,151.2026725,175.4,60,137,123.8,128,201,170.8263356,201.3,170.4,201.8834517,191.6,172,215.6,254.7,202.5,155,171,98,142,240,148,159.9,106.5,198.6,234.6,159.3,155.6,502,552,390.6,331.6,356,275.6
2009,9,166.8629275,121.9,133.1,183,193.4,198,307,190.3109929,273.5,110.1,233.9063675,239.6,376,213,296.5,218.9,166,154,138,250,179.5,233,221,141.6,322.3,216.6,193.2,83.5,301,299,186.1,210,168,195.5
2009,10,157.4903979,109.4804769,76,91,92,56,54,116.6915901,104.9,268.6,164.4152611,100,110,190,97.3,169.6,103,150,70,123.1870126,181,195,195.3,311.4,125.2,151.3,231.2,157.4,217,187,264.7,168.4,78,175.7
2009,11,191.1875261,80.29325658,87,46,29.2,46,68,75.99798979,56.7,49,34.3,151.2,45,46,38.6,54.2,64,30,66,72.8160228,66,125,47.8,49.9,113.9,103.6,194.6,91.8,220,114,113.5,40.7,13,127.2
2009,12,22.55166498,21.23197926,18,0,8.4,64,7,18.24728849,42.8,0,8.9,29,24,17,0,49.5,23,6,0,0,36,45,27.3,15.3,37,25.8,77.6,33.1,45,16,11.9,12,2,47
2010,1,0,5.6,0,0,0,0,0,0.422923653,0,12.4,0.2,0,0,0,0,0,0,0,0,0,0,0,0,1.7,0,0,0,2.4,0,0,0,0,0,0
2010,2,0.775138279,4.2,13,21,15,0,5,6.998410818,5.6,0,3,26,16,22,0,5,13,14,0,7,6,20,5,7.1,4.8,8,6.1,33.5,11.5,72,30.5,0,4,4.5
2010,3,27.88448765,105.5,85,30,95.6,46,49,39.00931219,92.4,84.1,11,92.7,86,44,78.2,74,54,71,53,12,5,55,117,74.2,68.6,34.1,75.2,91.4,60,10,57.1,158.1,18,50.2
2010,4,116.4352946,13.3,192,93,124.5,128,41,101.0771209,132.3,120.2,112,101.9,67,216,291.3,91.3,77,100,62,21,58,112,41,103.9,73.7,79,131.8,118,306,170,173.5,256.9,76,132.5
2010,5,179.8966704,111.4,154,236,230.8,195,189,168.4982445,175,245.5,132,253.3,197,198,81.9,190.3,121,208,112,136,275,270,84,133,142.6,173.6,258.3,77.8,332,270,316.8,233.1,263,234
2010,6,199.4545864,104.2,127,134,231.1,198,166,166.9430018,170.4,212.3,135,351.6,238,244,81.8,111.3,165,192,93,174,167,179,211,130.6,140,209.7,392.9,182.8,477,595,484.5,519.7,365,170.3
2010,7,264.6347563,196.5,232,159,203.3,274,327,268.1273162,351.4,231.3,266,334,251,179,311.6,291.5,461,566,371,180,168.5,337,220.6,223.1,329.1,305.4,320.1,225.8,480,619,509.7,491.9,275,356.8
2010,8,149.4531101,87.9,106,176,130,245,212,193.4913158,166,132.4,202,335,209,271,239.4,160,215,176,220,205,184,170,257,317.9,227,194.2,351.5,318.9,673,493,620.4,444.5,455,352.1
2010,9,268.7139318,236.6,166,255,179.3,199,274,224.5721512,144,231.6,282,265.7,402,283.1,196.3,180.9,310,190,438,288,183,325,359.5,319.1,308.3,277.7460304,340,254.2,561.7,440,486.5,531.7,180,300
2010,10,188.138057,145.9,63,108,175.1,80,116,135.1023078,182.3,238.2,174,218.7,283,160,215.8,158.6,100,114,150,104,111.5,220,181.2,252.8,171.4,152.9664742,150,163.4,496,451,302.2,191.2,277,323.3
2010,11,266.0392777,172,161,172,145.2,81,172,142.5164782,109.2,121.1,540,358.7,332,219,124.2,72.1,164.5,289,161,197,111,216,158.6,162.6,299.7,228.8355636,169.9,184.9,495,255,289,158,178,171.5
2010,12,231.5614092,39,167,150,138.5,146,95,155.5259433,170.5,177,221,183.6624594,193,205,182.6,184.3,128,192,153,174,247,310,123.6,117.6,185.0260663,137.8718678,185,203.1,294,263,167.4,103.3,200,178.7
2011,1,13.7,0,0,1,14.7,0,0,0,0,12,15,10.1,30,10,5.5,0,6,0,0,0,6,30,0.1,17.2,11.66053115,14.26934965,13.5,11.5,10,57,19,60,0,29.5
2011,2,3.5,4.5,29,68,81.7,7,5,4.1,24.6,8.1,0,0,9,29,10.7,34.9,49,64,24,10,3.5,85,14,21.4,62.1,23.66078941,146,24,89,126,72.2,28.5,29,56.3
2011,3,53.2,5.1,37,157,95.6,27,113,57.5,81.2,167.8,23,66.4,99,111,69.6,59.7,57,135,154,135,72,30,72.9,59.8,53.2,32.47704299,81.1,44.6,231,192,248,153.8,173,298.6
2011,4,168.3,0,109,240,72.5,44,72,86.5,93.8,145.2,158,82,55,66,75.4,51.3,127,45,98,76,152,145,169.5,200.7,94.4,95.21542642,121.6,164,491,118,211.1,87,95,112.5
2011,5,230.1,211.6,314,305,208.9,104,167,108.7,128.1,255.4,177,108.3,186,228,123.6,165.7,265,265,158,164,126,135,92.4,206.1,173.5,137.9365565,492.9,175.6,226,135,235.8,388,221,315.5
2011,6,135.7,142.6,153,263,201.5,276,344,270.4,356.7,173.5,165,135.8,133,207,96.1,234.8,357,310,405,277,129,195,108.9,210.1,258.8,177.7493266,345.5,170.6,754,243,377.9,194,337,586.8
2011,7,121.4,65.2,86,104,256.5,108,125,116,89.5,219.9,70,161.7,169,213,26.2,100.9,144,132,147,104,46,155,122.7,102.7,112.5,132.0653679,359.7,202.9,718,181,481.8,460.9,428,496.4
2011,8,220.4,131.7,244,197,191.8,160,174,156,112.1,94.2,251,229.7,203,209.1,90.9,102.8,152,237,153,153,80,200,97.5,151.1,141.8,178.3561162,455.5,147.2,697,126,435.4,324.5,255,395.9
2011,9,236.1,3.6,208,184,261.7,208,219,199.4,188,159.2,239,277,219,212,98.4,206.3,196,216,155,162,145,266,266.1,114.9,162.2,186.0824627,358.7,174.6,875,303,261.9,339.6,322,381
2011,10,156.8,18.9,64,81,66.8,148,92,71.2,196.2,45.4,252.7435943,281.7,171.3,276,126,199.7,285,161,186,191,260,210,218.1,74.5,242.8,193.1898964,68.4,106.4,347,245,87.1,148.8,147,273
2011,11,429,93,146,174,143.6,277,222,246,176.7,113.7,164.5,201,119,142,129.2,188.2,255,38,181,235,110,300,65.7,285.1,124.8,135.657932,243.3,152.9,544,362,338.8,253.7,128,220.5
2011,12,200.7,71.9,76,67,117.8,93,105,55,140.1,51.5,15,198.2,30,104,94.2,131.6,53,278,79,143,28,115,46.5,100.1,45.3,61.82376002,131.1,141.3,234,121,97.7,164.3,51,196.1
2012,1,0,5.757186818,4,10,17,21,0,0,0,4.7,0,0,0,4,0,0.2,0,0,0,0,0,0,14.7,11.8,3.4,14.96236455,22.7,0,0,29,2.9,0,32,0
2012,2,2,4.939161872,0,0,2,0,3,1.7,3.8,26.9,0,0,31,0,3.4,1,2,29,0,0,0,0,4.6,26.8,26,16.70801474,4.2,26.4,23,40,4.2,50,0,26.9
2012,3,2.4,26.09190811,65,64.77663746,18,0,6,16.23290394,18.62944746,98.21827294,0,0,68,69,0,11.7,62,35,20,19,12,15,125.5,77.4,3,19.51766481,75.9,53.5,76,40,13.2,30,0,87.6
2012,4,196.1,159.6147085,173.7453165,169.6597878,188.1,95,183.6,175.2454762,75.6,227.184158,497,221.8,182,206,90.8,128.4,268,126,279,410,289,230,146.7,87.7,197.8,128.0905133,164,118.9,335,188.2,239.7,284,110.5,364.5
2012,5,224.2,156.1544338,172.1564773,204.5180735,159.5,96,161,197.5972069,137.7,202.7835319,277,225.1,120,388,138,199.1,135,234,194,207,318,360,174,229.1,233.5,183.8894019,205,91.8,700,133,250,257.5,370,148.3
2012,6,364.9,222.3766393,252.8141936,237.1728603,202.8,219,285,251.9617945,254.9,210.5288252,259.0850965,231.7,387,439,270.8,272.1,266,223,373,222,254,345,133.8,230.7,248.5,233.3149639,390,309.5,645,409,318.6,210.2,269,392.4
2012,7,118.7,182.9595151,204.0977188,192.0950901,142.4,128,212,173.391393,175.5,202.0827331,147.1453144,159,189,193,117.4,166.2,181,283,144,187,153,270,186.2,185.8,198.5,143.1928391,346,282.9,492,338,277.3,176.2,161,279.5
2012,8,221.5,180.6538778,211.943609,244.790686,224.0719507,174,158,208.6639995,219.5,227.754528,252.2878092,264.8,252,356,114.7,238.3,187,163,146,148,298,385,115,403.8,242.2,247.8214116,312,264.9,828,554,494.9,365.9,466,362.4
2012,9,178.2,187.6184171,222.6828882,270.966782,239.2569436,113,248,194.395208,163,200.2488603,160.4871085,198.6,147,353,95.5,146.8,287,343,234.1,215,100,245,152.2,290.3,162.6,152.0596863,228,247.4,722,242,332.9486463,116,330,364.3
2012,10,181.7266793,164.1278052,169.7594053,182.8356008,184.0445599,189.9354075,219,175.6639676,184.8,168.7066257,68,157.0713865,179.9937841,165.1113167,160.9048602,165.2926169,218.7057019,215.5494873,200.4997241,185,166.7062602,243.1127558,138.3,180.9504623,189.0503201,129.3256732,268,142.9,828,505,323.5783506,256.7,89,217.5
2012,11,215.5815994,67.66152753,52.21906662,47.13584816,42.03043573,76.01991662,68,73.83650181,125.1,70.72048733,200,182.6037396,83.94151148,77.33144083,63.64167119,32.6,74.01844899,72.62813401,70.17712637,64,75.30160449,120.7040464,40.2,77.84925862,136.8547199,111.5622595,144,98,453,97,155.896634,123.7,52,136.9
2012,12,20.15278394,58.15065309,57.62687463,51.04532872,45.03870316,36.28619377,40,41.40173191,31.5,46.34022852,187,20.92008513,17.46309071,32.94834864,31.1552395,37.4,44.15830339,55.71559781,40.97160938,50,17.88878277,40.8748087,39,30.2354163,29.23504133,27.70889168,12,28.25307381,334,30,57.40119995,33.1,0,36.5
2013,1,0,2.449605455,0,2.006475231,0,0,0,0,0,0,0,0,0,88,0,0,5,0,0,0,0,0,20,4.5,0,12.92345829,4,0,12,2,0,0,0,24.7
2013,2,1.5,3.82257845,0,14.20272918,13.4,35,39,14.05287918,51.2,57,0,0,66,31,55.7,44.7,14,50,55,59,38,10,34,35,3.9,18.6087176,15,29.5,5,28,0.7,5,0,40
2013,3,60.5,47.19337789,56,75.99181146,72.5,57,58,37.37267261,48.1,45.9,10,0,88,80,97.4,38.5,111,56,25,40,13,40,69,76.5,4.9,24.32190351,122,90.6,104,8,53.4,122.5,36,167.1
2013,4,60.8,54.00127997,60,106.2913944,165.9,69.47067144,153,61.73980954,70.6,188.8,20,19,25,110,94,83.6,82,97,117,145,81,130,85,36.9,137,46.2148758,149.6,56.8,469,102,213.5,147.5,167,135.1
2013,5,167.9,107.4874276,129,147.5180001,77.3,114,110,132.1152416,171.4,222.4,148,85.1,371,172,148.3199154,148.6,203,216,155,152,111,195,253,267.7,128.4,144.4944265,128,172.3,156,220,276.5,115,128,188.3
2013,6,229.3,177.3957333,245,193.0405317,117.3,212,275,203.7927458,223.5,115.8,87,103.9,181,181,152.1,183.2,190,238,331,133,169,300,189,169.5,113.4,156.1378696,132,147.7,239,105,386,327.9,284,299.8959172
2013,7,139.7,119.6414527,64,137.6501452,142,143,120,118.751918,127.3,151.3,175,173,138,88,78.7,137.7,122,153,155,136,66,260,101,199.2,145.6,136.2392078,265,169.5,134,104,262.1,167.5,142,131.5
2013,8,78,157.034689,107,212.9082016,196.7,183,167,206.2025253,174.5,168.3,212,229.5,288,241,225.3,223.8,112,137,310,244,267,182,188,154,117.4,204.4180442,247,156.2,356,766,536.9,512.1,473,566.7
2013,9,105.6,111.3469498,112,149.5237855,106.7,174,79,126.3062554,108.8,138.2,83,130.7,100,196,170.6,151.5,121,53,67,84,61,100,66,126.2,32.6,116.3919222,241,70.7,204,306,421.8,222,136,197.1
2013,10,225.3,116.5804961,61,123.991425,22,195,59,123.6147074,64.4,264.4,362,220.7,218,69,84.4,93.3,51,126,135,183,87,80,157.2,179.4,266,170.655639,165,139.1,156,195,185.2,266,148,172.4
2013,11,72.6,73.31850883,167,87.77383083,117,221,119,85.50037813,122.3,128,136,202.5,138,119,75.6,135.8,25,105,132,205,166,136,159.8,65.2,168.7,151.4825271,150,70.2,171,166,204.2,118,149,192.4
2013,12,32.54763004,33.97073476,18,41.04589896,43.4,24,13,26.10646196,9.1,105,51,5,22,66,14.9,6.2,35,26,48,52,25,30,66.1,55.3,8.9,31.22014893,76,32.1,39,102,49.8,88,68,37
