year,month,58504f5d006cb93ed40eec39,58504f5d006cb93ed40eec3b,58504f5d006cb93ed40eec3a,58504f5d006cb93ed40eec55,58504f5d006cb93ed40eec5a,58504f5d006cb93ed40eec3c,58504f5d006cb93ed40eec3d,58504f5d006cb93ed40eec3e,58504f5d006cb93ed40eec40,58504f5d006cb93ed40eec3f,58504f5d006cb93ed40eec41,58504f5d006cb93ed40eec42,58504f5d006cb93ed40eec43,58504f5d006cb93ed40eec44,58504f5d006cb93ed40eec45,58504f5d006cb93ed40eec46,58504f5d006cb93ed40eec49,58504f5d006cb93ed40eec47,58504f5d006cb93ed40eec48,58504f5d006cb93ed40eec4b,58504f5d006cb93ed40eec4a,58504f5d006cb93ed40eec4c,58504f5d006cb93ed40eec4d,58504f5d006cb93ed40eec4e,58504f5d006cb93ed40eec4f,58504f5d006cb93ed40eec50,58504f5d006cb93ed40eec51,58504f5d006cb93ed40eec52,58504f5d006cb93ed40eec54,58504f5d006cb93ed40eec56,58504f5d006cb93ed40eec53,58504f5d006cb93ed40eec57,58504f5d006cb93ed40eec59,58504f5d006cb93ed40eec58
1981,1,98,49.0757564,58,46,47,76.4,68,96,34.9,17,32.5,36.0700178,59.18063667,27,30,113,60.5,7,58.9,10.6,63,60,38.8,99.9,63.4,83,64.5,72,79,67.1,40.5,69.6,10,45
1981,2,94,118.6748562,82.5,85,188,273.6,148,150,148.5,208,147.7,107.2793271,174.8274039,131,294,149,143.3,143,145.1,163.5,119,125,153.3,158.6,187.3,127,110,269,152.4,298.8,141.8,189.2,310,281
1981,3,126.6595242,129.627441,155.8,95,101,160.8,151,135,180.3,137,179.3,56.97605578,185.5983789,69,170,122,36.6,62,31.8,25.8,78,76,108.3,105.3,100.1,35,58.5,200,154.3,127.3,100.8,40.3,146,133
1981,4,193.1073618,199.0180557,282,343,435,417.6,284,152,303.8,329,252.9,282.7237541,308.0387827,395,413,299,288.9,502.1,249.9,239.4,328,229.6,255.3,268.4,271,125.7,329,547,493.8,305.3,233.9,193.4,400,476
1981,5,266.9424437,275.0653731,284.7,317,405,492.2,294,221,332.7,280,341.2,324.2055909,467.196012,400,320,347,384.2,331.9,332.7,278.1,428,259.1,324.8,394.7,431.4,301.6,298,560,359.3,428.2,343.7,210.4,656,497
1981,6,28.7830291,45.21380206,93,45,51,390.4,105,165,122.2,177,182.3,112.3347682,156.1001793,195,101,103,74.7,81.3,74.1,111.5023612,211,140.7,204.4,256.5,154.2,93,189,211,84.3,115.7,80.4,75.4,93,229
1981,7,14,19.43781149,3.3,21,0,47.1,63,46,83.4,101,31.7,14.2231185,43.61942836,36,28,23,44.4,8.7,54.6,6.6,55,16,50.1,52.7,25.4,12.5,20,77,29.4,87.3,53.2,5.5,20,106
1981,8,20,38.9862036,77.3,137,100,112.7,106,145,46.9,110,134.9,111.8026789,166.2025515,232,97,254,122.2,134.6,160.9,160.0195085,158,204.5,117.7,150.6,197.1,135.1,185,147,96.5,101,171.8,48,162,295
1981,9,13,10.2,7.4,0,5,16.2,12,134,8.4,37,55.9,28.36655243,44.6733914,177,22,57,25.3,65.1,36.4,37.5,21,171,42.7,98.5,218.2,150.9,152,91,24.5,43.7,36.9,3.6,35,72
1981,10,139,215.9,263.2,194,243,360,394,226,333.4,314,304.9,243.0941977,431.1308019,244,267,201,158,280.4,239.5,185.2,285,338,195.3,247.2,338.9,178.9,347,269,416.5,313.9,168.2,307.1,477,453
1981,11,301,529.1,152.3,327,269,328.9,545,182,493.4,257,467.4,135.7908709,374.3557503,310,187,301,132.8,206.9,111.6,60.7,519.5,126,144.1,217.3,169.9,180.7,153,381,336.1,362.5,346.9,375.6,490,481
1981,12,101,172.7,24.2,39,83,185,135,108,177.2,58,161,52.35471144,154.8521506,114,114,88,46.7,269.9,68.8,109.6,58,65,40.3,77,99,49,42,196,197,163.2,63,144.7,225,373
1982,1,104,121.4,41.9,64,4.2,114.4,189,12.1,233.1,211,253.8,57.82727138,122.9858215,180,11.7,64,85.7,135.1,76.7,70.8,128.5,66,56,106.2,80,119.9,68,428,303.3,429.2,147.9,93.7,23.9,42.4
1982,2,134,154.2,157.8,164,18.6,243,308,134,177.5,337,410.1,118.8135931,280.7939099,195,24.5,182,160,193,88.3,140.5,169.8597568,160,107.9,185.4,191.5,212.1,173,372,155.2,305.2,259.8,212.6,23.5,30
1982,3,271,142.8,111.9,139,8,344.4,405,13.7,288,224,266.8,117.4462594,205.7413793,74,7.9,160,99.1,95,202.2,85.3,163.7624479,75,93.4,129.1,78.2,108.2,65,377,281.8,453.5,259.2,92.8,18.7,31.4
1982,4,251,367.4,427.2,344,28.8,314.1,399,141,286.4,314,311.8,256.2136199,359.9909688,208,32.9,342,248,287.5,257.8,221.6,328.9227003,234.3,191.5,172.5,150.9,210.3,191,461,263.3,475.5,372.3,294.2,32.2,37.7
1982,5,129,144.5,361.9,436,34.2,508.4,183,11.8,282.5,288,317,258.9428004,365.6174104,348,35.9,368,239.5,347.9,235.8,300.9,341.406087,401.2,334.8,336.4,272.2,278.1,293,486,218,319.4,331.9,242.5,32.6,31.2
1982,6,0,6.8,21,27,0,44.5,13,5.5,3.2,31,67.7,26.06406192,35.37894705,66,1.5,18,31.2,19.8,28.8,14.8,44.00117309,67.5,67.8,52.4,139.8,50.6,72,27,20.2,100.8,0,52.1,16,12.3
1982,7,0,5.3,2.2,0,0,2.7,19,5.7,16,21,5.8,9.308528141,10.20102282,7,0,0.5,0.9,34.1,1.7,39.6,19.54792116,0,2.3,1.9,19,30.2,0,42,12.4,17,0.1,0.1,0,30
1982,8,0,7.6,0,1.135987083,0,0,2,1,0,24,5.5,1.08826831,2.47098922,2,0,0,0.8,0.7,0.8,1.1,10.05201657,10,0.9,5,4.1,40.7,0,18,15.4,11.1,1.8,0,0,6
1982,9,5,50.2,78.8,136.7408883,9.6,183.7,8.2,104,51.7,180,241.9,185.0781819,136.2038119,102,135.3589168,15.3,190.7,187.8,208.1,178.730127,159.9302599,404,274.5,201.3,252.5,245.3,197,224,123.5,94.2,101.6,103.1152494,118.649452,207
1982,10,239,282.9,273.4,323.2229166,20.9,451.6,43.7,136,496,279,400.9,222.8703737,418.2420616,333,322,29.9,340.9,511.7,296.8,321.0084034,298.401471,150,262.6,277.1544411,213.1,247.4,100,442,337.7,504,332.6,323.8150069,437.9268706,351
1982,11,117,120,162.9,149.1226162,8.1,309.9,11.1,0,154.1,234,187.1,107.741648,196.1790235,118,130,25.9,133.2,197.8,71.6,130.1,204.1400436,36.2,65.8,80.5,114.6,206,196,183,196.1173963,186.1,72.8,200.9,290,271
1982,12,91,100.6,350.7,205.8672667,10.7,216.2,30.9,281.2740163,241.1,280,288.6,143.3857721,320.7799796,252,125,13.9,177.1,128.9,139.5,201.6,235.13841,124.7,87.6,167.1,125.9,125,124,267,197,228.1,161.6,79.5,212,189
1983,1,5,32.7,60.8,66.08085145,71,74.3,139,81,91.2,176,89,39.98151421,122.6984234,204,34,200,56.6,21.2,11.5,32.9,90.37501524,35.3,100.1,87,34.8,45,51,111,91.91614422,107.1,99.7,77.8,205,142
1983,2,15,31.7,103.9,79.58021017,124,53.8,76,96,68.2,111,59.2,48.82170315,73.59238378,54,93,140,35.9,170.4,97.1,68.6,67.24035257,99,63.3,55.4,23.8,32.1,59,162,101.0697957,194.1,57.2,91.3,81,144
1983,3,167,105,166.7,149,196,171.4,179,167.6823303,118.7,193,178.7,92.47650106,178.2387618,274,104,142,209.5,175.9,73.5,93.4,133.054967,81.6,109.7873159,295.6,109.8,184.5,110,188,163.1,201.9,131.6,220.6,185.8553841,168
1983,4,220,180.6,149.3,274,175,547.8,444,562,179.7,333,414.6,294.4183164,430.8987644,301,317,317,348.1,506.4,231.8,315.3,348.6550032,216.7,247.1,321.6,302.8,284.7,257,522,211.9,302.6,468.8,357.2275686,333,464
1983,5,143,109.5,149.4,156.2204723,88.2,217.3,129,161.6493039,154,206,201,157.4149023,211.0131282,355.6,108,289,110.4,193.6,129,112.1,198.833433,110.2,264.1,356.7,147.5,173.1,270,300,81,201.9,173.5,112.3,249,288
1983,6,4,32.5,61.1,50.92837885,125,62.4,97,30,58.7,42,44.5,26.92991473,47.81843392,12.7,46,35,16.6,13.7,7.5,4.3,57,31.5,5.3,14.3,73.1,113.6,77,67,62.9,83.3,12.2,43.6,65,97
1983,7,5,87,25.2,26.6161047,36.5,11.7,6,23,3.4,53,19.9,25.37984657,28.59111174,26.8,3,42,4.7,39.7,15.6,28,11,63.4,51.9,48.8,89.4,84.7,88,25,13.9,17.1,12.8,14,26,78
1983,8,0,20.6,9,11.84492204,4.6,6.5,10,36,26.6,32,16.9,21.61531963,15.72939327,24,0,0,4.1,10.4,11.1,37.9,5,9.7,10,12.1,39.5,81.6,0,11,5,2,3.2,4.6,1,13
1983,9,13.97341658,20.2,62.3,67.14861184,104,97.9,63,34,121.5,64,128.7,55.82763576,62,118,9,82,46,111.2,127.3,62.7,29,81.5,141.6,122.4,254.2,158,163.5,14,17.4,20.2,49.3,3.1,38,53
1983,10,87,99.9,153.5,175.0238277,162.1,151.9,283,112,698.6,248,216.4,134.8465697,297.3,142.7,121,169,132.8,224.3,114.8,107.9,106,94.5,125.7,262.4,199.7,147.3,147,246,320.1,245.9,81.3,102.2,154,318
1983,11,147,254.7,99.1,86,152.9,374.4,222,84,213.1,247,275.9,109.1022602,154.8,226,117.0063723,145,70.1,152.5,107,144.3,190.3,255.2,95.3,147.4,274.6,72.2,56,184,228.6,239.5,85.7,100.6,284,207
1983,12,282,216.4,197.3,238,201.9,352.3,264,141,339.5,182,285.2,136.6312908,235.9,228,42,151,204.2,151.7,134.5,88.3,350.3,67.5,105.4,172.5,126.9,266.4,83,239,265.1,322.4,191.3,269.6,449,166
1984,1,121,218.3,120.6995441,122,104.8,484.5,310.2,208,220,352,235.2,67.42623333,304.7,118,71,106,91.92213099,46.4,139.7,55.2,78.2,21.5,65.8,87.1,54.7,56.9,3,363,289.3,374.9,81.8,139.2,238,314
1984,2,138,146.3,204.2830468,312,210.9,417.9,286,339,177.2,109,242.1,138.7679871,180.3,267,199,351,222.4950718,286.3,240.9,290.1,258.7,238.1,135.1,201.4,152.2,210.2,149,248,211.7,327.2,311.1,237.33095,403,426
1984,3,74,54.1,162.9191163,108,243.3,105.3,186,211,155.4371665,184,115.9,90.38169961,101.9,141,121,169,131.3752018,123.1,80.4,64.7,66.9,17.5,62.8,36.9,128.3,152.8,60,315,147,223,291,163,182,182
1984,4,162.3296074,90.1,165.1287614,295,227.4,162.3,286,160,201.3931271,137,298.8,189.2944614,388.3,285,145,264,150.468787,285.4,182.4,197.4,170.8,141.0649653,150.2,196,177.1,140.3,189,383,312.1,280.2,237,256.4,349,305
1984,5,182,150.7,334,392,239.7,336.2,268,418,240.4,282,285.3,231.0474548,319.6,492,234,364,254.9368706,415.7,321.7,298.4,328.2,114.5,280.6,228.6,385.4,276.7,185,333,292.7,263.1,326.7,586.2,312,336
1984,6,17,21.8,88.6,31,88.9,95,86,207,76.7,65,61.3,77.53739626,172.6,142,81,90,108.3153476,77.4,70.1,114.8509178,80.5,72,162.6,364.6,117.3,133.1,157,156,67.1,51.9,21.7,143.9,79,207
1984,7,8,52.2,68.15972549,87.42701757,94.4,33.8,122,135,91.1,96,71.1,15,108.2,117,51,125,86.67934835,109.5,132.4,67.36621434,74.3,217,81.3,159.5,144.4,97,90,148,202.3,142.1,168.9,112.4,128,272
1984,8,49,105.9,124.154584,128.142268,125.1,59.1,235,50,219.2,163,171,49,141.3,300,135,108,91.41032008,158.5,104.6,89.4145068,51,192,168.6,147.5,180.5,209.7,192,141,164.1,98.7,134,106.1,253,289
1984,9,235,328.7,238.3786307,238.541912,184.4,421.3,357,166,199.6,142,212.3,216,239.6,191,140,486,292.6434111,198.6,321,265.4,202,285,193.6,178.9,371.2,260.4,195,262,268.4,324.5,325.3,189.3,287,319
1984,10,185,276.7,248.9892781,179,236.7,321.4,460,196,296.2,196,308.3,78,404.2,186,110,307,172.4055917,129.1,57.7,126.6,80,134.3,93.1,151.2,192,228.2,86,451,330.8,348.4,299.2481916,241.1,549,332
1984,11,208,138.1,184.9439646,214.7842398,124.8,286.1,297,245,216.6,237,171.3,143.7,303.7,284,155,188,171.696908,203.9,180.7,270.2,177.8,210,267,288.7,158.5,250.2,160,338,269.2,503.7,123.4,147.5,352,245
1984,12,79,142.9,178.1182153,167.0070868,57,117.3,219,343,249,106,128.5,41,241,144,93,225,131.7022528,109,135.9,109.3407891,101.4,103,116.1,77.51704302,76.7,65.9,227,306,98.4,172.8,128.9,131.1,256,286
1985,1,18,10.5,0,0,15.4,14.6,27,149,3.6,176,48.5,0,11.9,17,0,0,0,34.5,0,0,3.4,18,9.5,16.6,38.3,45.6,2,65,46.10290724,63.7,14.1,1.7,53,272
1985,2,16,103.5,46.7,47,50,44.3,12,51.32463748,84.7,90,14.5,21,65.6,21.2,27,40,39.2,29.7,41.2,25.2,80,115,20.9,43.8,86.8,43.9,43,21,42.45586282,19.5,33.2,29.8,68,67
1985,3,156,124.6,171.5,79,58.9,154.7,184,295,103,226,137.7,17,112.7,99,58.80294174,54,49.1,40.5,35.9,40.1,47.9,35,60.8,168.7,85.2,199.2,115,112,143.2065598,235.9,101.1,49.9,128,176
1985,4,102,94.8,122.6,100,103.3,191,157,312,90.4,195,160.2,163,245.2,196,129.65328,198,100.4,165.3,202,373,196.5,342.6,182.4,211.5,215.2,180.5,173,181,196.3799359,136.4,284.7,223.4,310,365
1985,5,159,86.3,140.2,181.1004714,112.1,206.4,160,229,182.7,140,94.6,179.4792557,229.7,236,206.1847496,272,164.729239,291.3,173.8,160.7,167.5,126,200.1,270.8,115.3,120.6,71,219,156.3622286,124.2,270.5,59.1,235.1760249,272.5377888
1985,6,6,8.9,11.3,21.61096762,6.4,50.65266276,53,156,20.2,26,29.4,32.92560355,40.8,29,10.54017812,49,5.7,17.9,14.6,10.8,14.2,47,50.2,31.9,31.9,81.5,36,58,32.53177176,48.2,37.4,0.5,25,70
1985,7,26,17.3,15.5,4,7,26.4,31,87,25.2,83,65.9,21,119.8,44,40,42,33.71891427,93.8,35.2,35.5,26.4,74,26.9,56.3,114.3,99.9,36,133,36.99520022,39.5,97,16.8,35,285
1985,8,13,36.4,35.3,51,52.4,84.7,36,181,69.3,64,81.3,63,75.4,112,76,40,110.2,119.4,62.1,69.1,87.1,82,136.2,120.5,167.2,132.1,180,60,52.82861954,64,86.4,38.2,42,164
1985,9,120,100.4,351.4,407,326,221.5,425,234,227.2,234,233.9,140,85.1,183,262,168,200.3,223,187.3,210.8,170.2,736,263.1,226.5,284.1,208.8,317,188,219.541889,277.6,202.3,98.7,136.5,209
1985,10,275,182,234.5,228,222.2,505.1,363,372,269.3,242,488.8,135,483,204,109,106,222,282.6,167.2,208.6,284.7,399,262.2,252.6,138.4,215.7,132,432,305.339482,364.7,193.8,215.9,198.5,164
1985,11,185,118.3,133.8,196,128,315.6,425,320,219.9,171,205.9,66,200,167,165,108,218.7,164.9,95.9,79.8,187.1,90.05917551,48.8,115.2,43.6,141.8,84.34823888,259,247.1979475,381.7,227.8,110.7,183,284.1798372
1985,12,134,125.3,31.6,54,93.6,183.5,228,353.5,121.9,78,116.6,21,119.8,47,130,17,75.8,3.1,22.7,5.2,70.6,0,6.8,41.6,3.1,33.4,0,295,199.1373074,403.3,103.7,105.9,155,114
1986,1,78.18891327,68.8,109.5,149,226.3,183.5,121,216,290.8,175,115.8,116,189.2,114,50,150,92.64841163,163.4,121.6,194.8,138.4,119,68,143.3,89,135.9,143,125,122.3559358,152,31.6,120,77,180
1986,2,185.5049204,127.4,151.5,165,55.5,268.5,267,147,146.5,288,192.9,73,197.3,229,104,257,191.6305593,259.9,164.4,334.2,245.9,111,135.4,154.4,112.8,76.2,157,293,190.7833551,278.6,112.3,151.2510569,226,235
1986,3,159.7212508,212.9,87.2,112,64.6,193.3,464,436,248,158,397.6,39,261.6,141,42,231,129.9641848,70,115.2,125.6,99,223,154.3,139.3,200.4,66,64,285,210.4565614,198.7,140,69.6,275,306
1986,4,156.0613699,88.1,251.9498053,321,306.6,332.1,361,408,362,273,412.1,257.9,381,309,301,315,301.4437388,370.6,226.4,508.1,202.3,278,332.5,374.2,289,218.7,252.2,480,300.2413962,318,302.6,309.4,360.4,400
1986,5,85.48428188,84.9,203.9,145,196.7730564,148.9,237,570,199.8,262,171.1,134.3,308.3,253,241,372,207.5218309,188.4,231.1,161.3,194.9,210.506872,152.4,139.3,268.5,207,218,292,239.6745141,369.9,203.9,108.7,313.5,319
1986,6,23.23208146,38.6,58.5,81,35.97605451,50.3,63,185,90,84,43.9,71.5,114.8,160,65,76,62.67782752,124.7,100.3,128.5,41.3,95.16400606,80.5,96.8,143.6,100.6,301,200,61.55709823,122.4,27.7,33.5,35,107
1986,7,0,3,0.2,0,0,8.8,1,33,3.3,40,4.8,2,2.2,0,9,11,0,0,1.9,1.3,12.2,0,2.3,2,1.1,0,0,13,6.969857007,5.7,0,0,0,3
1986,8,0,13.2,59.7,5.5,35,20.4,2,17,29,46,39.6,110,83.4,78,127,66,44.04947086,53.9,37.7,84.2,66.3,85,113.5,95.4,46.2,93.5,57,48,44.85681668,26.4,27.9,121.1,70,118
1986,9,69.88512869,97.7,171.6,12.1,108.1,83.6,43,119,66.3,115,173.4,79.2,80.7,133,199,173,160.7202927,105.8,126.1,112.1,65.5,15,113.9,146.4540612,25.1,116.4,28,161,166.3375543,190.7,80.9,93.8,168,185
1986,10,416.100027,273.9,351.3,39.6,240.4,579,489,329,296.7,575,384.6,203.5,365.1,427,175,258.1,203.0933529,166.1,210.3,279.2,253.7,46.2,309.6,345.6,359.9,208.6,296,530,460.2309407,434.2,282.5,192.6,396,477
1986,11,96.599347,85.8,167.3,141.3623009,206.3,77.7,146,179,118.3,189,159.5,199.9,101.4,132,109,145,120.4480665,32.4,48,88.6,108,49,29.9,102.1,62.8,28.9,38,81,222.3821101,176.2,188.4,159.7,246,135
1986,12,82.40494505,220.4,183.3,65,89.9,41,143,143,19.7,79,84.9,19.6,62.2,123,71,100,61.2687303,134.4,47.7,68.5,40.8,59,63.4,61.1,50.1,20.7,39,142,139.3322918,202.7,106.1,61.3,131,265
1987,1,139,174.4,49.8,40,25.13910893,136.2,75,40,100.2,47,56.4,32.9,126.1,77,29,97,17.16757225,19.8,20.10339505,30.2,76.8,46,63.2,32.4,15.4,51,21,207,164.5255788,190.1,82.2,87.7,211,125
1987,2,52.8390569,27.3,7.2,83,15,85.4,36,42,27,23,58.6,73.6,89.4,30,30,58,55.85768357,53.7,84.5,54.3,89.3,115,57.7,47.7,99.81477631,81.5,125,83,61.11011812,41.1,5.9,57.1,80,25
1987,3,75,75.5,36,18,61.1,142.9,160,212.947304,195.2,272,237.5,27,78.6,84,82,68,84.15982345,31.4,91.5,60,153.5,195,76.3,72.5,104.5,85.5,153,200,194.2260652,204.1,200.3,63.7,225,253.0224273
1987,4,122.2581351,117.5,126.5,132,77.3,149.3,189.0715611,187.8446328,89.1,198,172.7,152.2,201.5,85,233,75,60.1,123.7,203.8,156.2,179.2,145,145.8282261,105.1,195.4976126,180.7,184,253,140.8,259.9,186.9,21.7,235,368
1987,5,196,110.1,219.6,307,261.8,320.9,358,544,197.7,212,155,233.7,355,145,172,296.7,207.2,130.9,180.7,210.2,243.8,266,159.1365692,210.2,123.2,117.3,122,232,121.8,199,182.2,81.4,179,187.0035797
1987,6,13,10.7,8.4,43,9.4,27.6,25,87,8,61,17.1,33.4,17.2,11,40,63,24.4,9.2,57.3,51.1,46,30,42.46476776,40,25.8,82.5,27,33,13,28.5,33.3,31,60,26
1987,7,16,12.5,88.3,55,81.5,59,88.6,175,154.9,75,117.5,75.9,70.7,147,81,95,43.7,102.6,51.7,64.1,56.6,75,168.5112444,207.3,122.9,81.6,193,100,78.5,85.6,251,97,80,197
1987,8,0,5.8,0.6,13,0,16.7,46.31860381,99,17,49,26.5,108.1,15.5,215,98,0,22.1,50.7,41.5,73.1,139,86,117.9885817,162.5,132.2,82.6,150,81,12.5,20,13.6,33,26,169
1987,9,29,25.3,77.9,80,66.1,110.1,153.2254254,130,55.9,204,95.1,124.2,79.6,106,91,62,63.8,34.6,96.1,88.8,111.5,184,115.2606661,87.5,193.8,289.8,116,77,76.8,82.9,55,48,121,81
1987,10,295,478.4,367.6,340,361.7,310.6,399,484,348.1,219,334.6,159.1,355,263,327,193,192,172.7,238.3,314.6,318,411,250.8359878,296.7,278,284,241,403,280,368.4,476.9,434,371,347
1987,11,200,214.9,264.3,193,144.2,209.2,216,320,22.9,217,402.7,106.8,278.7,81,142,138,128.7,107.4,37.6,54.9,52.5,65,90.44831344,76.7,87.97799788,62,7,252,256.6,323.8,236.8,314,200,267
1987,12,105,112.7,70.9,133,70.7,136.2,111,119,11.9,95,35.9,157.5,156.8,67,70,288,72.8,33.3,83,86,102.5,98,53.03253549,48.1,225.9,167,57,45,178.5,167.6,148.7,88,210,120
1988,1,100,53.4,29.1,41,77.2,143.5,150,203,17.8,115,179.5,40.6,172,54,124,68,25.51755165,31.6,36.8,16.9,122.6,24,46.5,66.4,65.4,17,98,259,236.7,360.2,58,46,84,202
1988,2,34,169.4,46.4,54,59.8,126.9,99.23766314,97,15.1,192,97,66.6,168.1,131,42,54,41,14.4,53.3,43,136.3,185,33.3,23.8,90.2,59,147,156,205.9,202,54.9,83,55,108
1988,3,43,21.2,8.2,20,23.8,17.3,99.65022158,81,153.6,111,43.6,9.3,27.5,61,20,35,0.7,17.1,4.8,0.2,4.8,13,3,18.4,27.6,119,10,95,9.9,89.8,0.8,2,0,53
1988,4,135.0647148,193.8,95.4,205,176.7,378.2,251.3345242,313,298.3,328,328.3,216.1,535.9,325,114,353,208.5,118.9,166.7,213.6,398.2,254,292.7,268.7,267.7,129,249,359,36.1,237.4,146.9,157,198,311
1988,5,32.77927116,16.2,110.1,84,124.1,169.7,66,147,92.5,149,48,58.9,119.7,117,67,146,116.2,64.5,91.6,65.4,118.1,135,107.6565035,159.4,117,241,104,298,71,93.5,87.9,50,110,92
1988,6,13,90.5,56.1,79,103.9,156.9,130,109,46.6,181,85.8,118.1,178.6,265,193,161,99.4,67,170.3,119.9,181.8,181,200.2,206.2614223,119.9,154,154,240,46.3,210.4,96.2,127,135,169
1988,7,10,92.5,138.8,142,67.5,115.1,126,112,125,151,73.2,75.9,44.6,207,61,187,55.8,102.9,61.7,129.7,101.8,123,91.9,113.3,81.5,80,176,96,63.2,178,45.9,187,50,8
1988,8,170,63.2,164,119,161.9,159,82,115,90.5,149,69.2,210.5,172.3,184,177,280,115,126,172.2,256.2,189.4,224,189,234.2,221.8,151,232,217,98,221.4,81.1,146.2691462,155,327
1988,9,53,110.1,15.3,349,118.7,362.7,206,270,154,108,131.8,55.5,160.0446862,233,180,229,66.1,243,93.4,126.4,198.1,136,140.8,220.6,143.2,151,191,138,158.6,105.3,183,137,158,198
1988,10,217,125.6,201.7,166,157.2,196,249,398,197,233,254,87.8,286.0134933,220,91,91,129.6,229,65.9,147.520298,194.7,125,61.7,105.2,283.7,372,178,200,201.8,266.6,228,145,306,193
1988,11,179,242.7,306.2,332,409.1,299.2,553,454,439,370,448.2,147.8,324.8,267,364,287,263.5,387,220.8,129.1,297.9,153,300.7,405.8,311.1,297,190,404,449.3,447,344.7,265,801,294
1988,12,146,45.2,65.3,125,177.8,317.7,310,369,303,134,314.4,155.4,454.2,235,268,404.4,249.9,242,120.9,125.6,140.5,199,83.6,182.6,217.3,217,164,301.1,293.1,355.6,71,178,242,259
1989,1,205,146.6,174.1,145,105.5,185,235,122,173,60,152,49.7,169.3,64,164,285,298.9,115,90.9,118.0498582,201.7,60,108,124.6,60.8,37,5,64,87.2,375.1,134.9,118,125,220
1989,2,192,258.9,145.7,119,96.7,182.9,293,142,316,144,149.5,177.8,105.7,136,74,129,114.6,117,107.8,103.0541792,279,177,68.2,121.6,105.8016791,51,78,94,144.8,89.8,175.4,146,53,141
1989,3,307,247.3,194.5,169,137.6,318,477,349,178,405,290.3,61.9,206,262,137,134,82.6,117,71.7,132.6841455,83.9,54,140.7072852,129.2,176.1869215,112,128,195,372.3,241.1,101.1,138,295,227
1989,4,58,101.2,182.5,192,229.2,126.5,80,136,135,132,148.9,79.7,151.6,160,53,55,221.8,20,72.7,59.8,54.5,94,169.6,161.1,106.9,184,72,19,100.8,106.6,167.5,256,295,280
1989,5,119,167.8,104.2,67,137.1,279.9,122,144,155,212,189.4,73.3,130,193,97,118,48,96,81.3,97.7,160.7,201,108.1,138,269.4,271,185,220,165.5,145.2,112.3,126,141,213
1989,6,22,26,86.1,100,72.4,138.1,158,100,109,118,102.6,143.3,95.2,180,79,120,240.2,205,149.7,220.3,126,125,77,108.2,68.4,42,123,149,34.5,81.6,98.9,111,75,213
1989,7,52,4.6,15.5,59,38.6,75,14,34,31,52,45.6,20.3,24.1,59,31,37,61,53,78.3,77.1,69.00725279,28,46.1,102,18.7,44,22,77,53,91.7,12.3,39,23,90
1989,8,20,31.8,65.5,13,26,30.2,58,41,41,94,26.4,6.2,4,46,32,57,46.5,40,56.9,36.4,48.20961171,106,55.5,82,88.8,0,144,158,29.5,76.8,55,46,85,98
1989,9,63,60.5,97.4,104,87.1,215.6,51,87,83,164,114,156.7,110.3,164,168,179,150.2,183,119.8,190.3155987,147.9521725,255,385.5,419,225.8,250.8424878,304,192,69,141.7,98,81,155,122
1989,10,140,225.9,162.8,201,244.2,222.6,237,203,337,162,270.3,242.5,205.3,338,216,200,192.9,352,235.2,143.1,251.1458082,270,291.6,402.4,288.2,199,362,323,212.5,254.5,357.2,183,386,349
1989,11,117,122.2,148.4,147.2828531,188,179.8,189,208,168,200,131.8,54.6,236.7,209,66,201,61.7,128,30.5,70.8,152.3806532,71,56.3,104,129.1,191,54,445,196.8,297.6,167.3,29,253,183
1989,12,16,27.9,49.25324445,4,3.1,62.3,148,157,84,127,126.5,23.7,147.3,45,6,62,36.3,47,85,52.9,3,17,15.6,28,7.6,43,0,158,18.8,100.2,34.7,24,30,71
1990,1,113,33.9,152.9,168,106.6,134.8,238.4,160,177,90,138.9,54.4,126.7,149,121,92,90.19174384,30,37.3,38.2,124,5,54,131.3,42,61,101,178,48.1,120,42.5,119,230,103
1990,2,151,260,135.5,177,111.6,274.3,273.1,178,125,117,234,82.2,277,108,112,306,108.6,77,124.5,94.16344026,141,108,65.8,118.6,66.4,107,25,277,325,247.4,118.8,125,340,195
1990,3,169,232.4,166.8,231,173.6,400.5,250.1,149,258,234,147.1,117.4,200,191,252,334,201,174,108.5,112.5,40,88,182.9,127.8,89.5,78,69,318,132.4,137,107,240,281,227
1990,4,147,113.3,229.1,176,147.6,199,257.0241815,170,210,125,209,83.5,386,90,291,314,248.5,226,176.8,137.7,217.4528776,105,138.5,182.4,159.8,132,139,407,222.6,279.3,162.5,255,320,373
1990,5,117,77.1,65.7,57,47.8,215.4,196.9530507,252,198,210,148.6,42.8,158.3,53,60,159,25.5,132,83.6,115.9,135.4117996,212,82.6,111.6,95.2,76,83,311,86.1,271.9,208.8,93,175,326
1990,6,2,18.9,6.3,0,5.7,27.1,54.84078569,90,65,43,43.5,9.2,2,46,42,44,187.4,36,39,62.5,48,40,29.7,27.8,73.9,94,108,62,44.3,36.8,40.2,28,95,0
1990,7,15,94.9,49.9,63,40.1,54.5,68.58619733,85.45364268,59,74,37.7,59,73.5,62,27,99,57.6,60,47.6,61.1,45.44650207,37,31.3,72.1,40.1,83,10,74,60.87263015,106.5,53.1,39,40,69
1990,8,10,3,71.9,50,41,50.4,0,13,28,31,99.5,21.5,54.6,10,51,80,32,51,81.9,0.3,63,41,44.1,49.5,33.3,31,94,66,36.16742021,18.7,38.9,45,0,73
1990,9,7,24.2,59,137,118.2,43.2,34,25,59,50,47.3,26,114.8,98,101,140,95.2,117,18.2,24.5,33,32,89.1,65.1,117.8,76,105,60,81.31942304,106.9,74.8,132,95,124
1990,10,243,280.2,252,186,285.2,224.4,213.4,219,384,189,456.5,280.9,446.9,258,330,446,188.3,328,252.7,186.9,281.0682275,143,131.7,254.7,277.8,265,221,488,463.2,403,283.3,303,395,467
1990,11,152,169.6,40.9,211,145.9,307.8,384,248,325,313,193.5,134.9,427.7,133,198,170,239.4,90,83.7,130.3,116.7,75,81.7,213.1,109.6,79,72,120,230.9,198.5,201.4,217.8,135,226.3531625
1990,12,47,247.9,130,126,71.2,267.6,418,258,291,349,116.5,77.3,151.8,219,78,97,61.6,174,95.7,65.7,148.3962892,155,165.7,145.1,89.3,142,77,318,225.6989677,238,144,103,186,103
1991,1,40,49.9,57.8,42,40.6,93.9,131,171,116,35,147.1,22.8,168.3,45,58,52,52.9,11,32.4,25.4,59.42529198,28,18.8,6.9,8.3,33.71681375,52,215,210.4,123.4,32.9,65,110,59
1991,2,54,79.5,70.4,48,24.3,104.8,83,88,42,58,63.4,56.8,90.9,44,28,46,75.6,76,42.4,74.3,57.98058252,47,47.1,61.7,27.8,64.73585777,22,367,312.4,130.8,59.8,38,60,182
1991,3,35,244.7,83,279,168.2,343.7,464,289,329,358,298.8,158.6,375.1,202,248,220,192.5,95,160.3,207.6,213.9504234,183,113.9,97.5,258.4,156,90,462,393.1,286.3,203.9,302,280,220
1991,4,107,124.6,111.6,206,224.2,204.7,476,176,250,183,301.6,245.9,182,236,160,264,231.9,210,123.3,146.9,213.6564036,196,167.6,140.6,163.2,100,109,233,208.8,131,232.2,100,135,262
1991,5,36.7,194.6,202.3,256,138.1,180.6,270,100,130,185,257,175,218.4,180,245,292,193.9,263,262.5,251.8,240.3058835,233,246.8,226.1,229.6,169.3,259,345,410.4,161.6,244.2,168,216,320
1991,6,9,23.1,97.4,131,67.6,80.1,117,85,52,91,96.8,151.2,102.1,138,132,148,143.9,99,110.7,66.6,134.8786308,109,113.9,146.9,253.7,223,110,172,64.8,115.5,200.9,92,200,251
1991,7,29,54.9,31.7,49,7.2,79.2,29,85,30,53,76.5,100.4,39.7,103,17,105,21.7,60,121.7,154.4,62.50969863,70,43.6,73.4,45.3,9,51,87,6.8,36.1,2,26,40,141
1991,8,26,23,37.8,0,3.3,14.6,0,11,33,60,22.7,19.8,76,64,25,18,10.3,45,31,39.4,36.03123447,32,58.7,51.5,31.3,144,20,22,21.2,48.8,18.2,28,15,47
1991,9,79,22.7,172,113,146.3,214.9,92,52,81,214,198.1,202.7,348.3,197,149,241,116.1,240,307.3,152,242,238,192.2,204.7,132,112,318,265,118.3,258.6,194.2,141,260,209
1991,10,101,197.2,134.3,78,41.3,247.3,110,183,66,192,149.4,19,250.9,72,67,140,188.1,107,82.2,87,73,77,143.8,131.2,70.7,178,38,121,118.5,137,69.3,55,70,164
1991,11,477,197.9,149.9,197,263.6,334.2,524,262,375,184,263.5,131.1,351.5,158,130,346,249.8,424,245.2,204,286,179,158.6,175.5,100.5,150,119,332,295.7,321.7,185.7,382,255,115
1991,12,89,180.6,114.1,116,156.8,186.6,340,511,166,202,150.2,76.3,273.3,67,132,96,25.1,109,29.8,33,188,13,60.7,136,132.5,57,19,265,179.4,294.7,82.1,139,375,223
1992,1,112,86.7,111.4,154,242,158.3,189.5,107,79,108,52.4,43.7,206.9,68,104,75,123.6,62,200.4,105,137,27,38.3,102.6,84.42195949,89,50.7,170,211.7,151.3,87.9,72,125,39
1992,2,34,75.8,35.7,57,20.9,170,62,93,110,157,46.9,72.5,60.3,144,78,5,25,117,72.8,26,76,51,43.2,67.2,55.6,95,38,108,126.9,98.8148974,46.3,17,175,141
1992,3,20,31.6,52.1,49,198,25.3,34,49,107,99,65.3,40.5,114.3,88,59,55,49.3,62,241.6,114,10,78,60.5,66.4,181.1,107,70,80,20.9,103.4,39.5,39,0,84
1992,4,197,221.4,64.2,113,88.9,273.6,111,175,168,125,101.4,92.8,177.3,123,241,218,71.2,123,100.7,100.2,196,120,156.3,223.8,133,167,84,242,139.8,84.8,61.3,124,140.5,241
1992,5,116,120.2,106.7,285,306.9,133.9,234,246,335,110,211.6,226.3,211.4,188,370,399,234.68908,277,160.7,276,213,72,160.3,243.1,197.8,182.1,112,198,138.9,97.1,82.8,216,145,106
1992,6,0,7,20.9,32,15.4,22.9,0,21,14,80,19.4,25.3,11,27,51,85,4.8,96,53.7,31,18,27,78.7,48.8,57.1,56,58,22,23.9,15.8,49.5,85,15,49
1992,7,0,6.2,122.5,210,80.4,21.3,25,53,9,45,27.3,10.9,37.5,36,29,99,63.7,30,25.4,68,139,10,66.1,42.1,18.2,7,15,62,40.1,53.5,21.9,71,17,53
1992,8,47,7.4,20.7,0,0,10.8,2,48,0,31,12.4,50.3,30.8,3,0,0,0.5,23,16.2,4,0,42,52.9,38.7,188.5,94,21,150.6,37.1,107.6,20,0,0,25
1992,9,76,180.8,107.5,200,329.3,102.1,152,117.9708772,96,114,220.4,181.9,75.8,105,173,214,155.2,108,198.4,290,149.2824215,136,58.5,137.6,151.8,123,115,319.1,248.9,187.3,97.5,110,361,395
1992,10,81,34.5,20.2,125,201.6,55.1,77,50,67,56,82.4,73.6,44.6,123,110,63,117.6,105,66.4,36,106.8631142,105,86.1,63.6,104,99,78,163,127.6,137.3,50.8,72,50,266
1992,11,243,262.2,180.3,250,257.3,374.3,374,365,398,228,251.7,108.3,353.6,325,223,234,112.9,144,99.3,113,268,109,86.3,146.8,112.5,191.1,31.8,340,304.8,171.3,195.8,239,421,210
1992,12,184,121.7,130.2,52,104.9,196.6,229,372,185,121,229.4,39.5,302.5,94,98,165,32,86,48.1,41,104,28,70.9,60.8,135.7,224,20.5,179,282,344.5,133.3,175,170.5,163
1993,1,153,105.6,88.9,189,156.7,230,117,299,125.5,114,156.6,66.9,139.1,128,221,73,143.6,256,163.1,86,171,117,30.2,159.5,56.4,55,193.7,245,133,303.8,161.5,193,320,61
1993,2,279,115,55.5,95,77.4,157.2,270,243,303,109,78.7,92.1,172.7,83,113,113,89.3,42,27.2,24,112,51,34,95.7,63.2,58,82,224.1,238.5,138.9,87.2,123,175,235
1993,3,266,340.3,161.7,142,74.4,147.5,261,591,266,135,156.1,179.9,241.2,141,69,158,98,138,149,108,142,139,77,90.6,92.2,76,63,312,303.8,328.8,252.3,228,295,272
1993,4,120,105.8,219.1,230,174.5,176.4,163,178,156.1,229,229.1,261.6,328,298,246,245,295.7,202,307.7,341,170,301,260,329.4,201.8,256,235,386,184.8,185.5,340,417,406,435
1993,5,162,176.1,116.4,233.5977392,32.4,219.4,366,290,253,323,257.8,170.2,239.9,233,207,283,279.6,199,255.7,153.3,254,290,189,219.5,154.4,249,299.1,402,255.4,265.4,223.3,295,206,270
1993,6,2,14.4,5.5,0,2.4,15.9,11,70,26,45.4,21.9,32.6,19.6,12,7,3,2.8,0,14.5,23,39,38,86.2,33.4,8.9,8,7,4,40.3,8.9,5.5,0,20,21
1993,7,5,4.5,11.7,8,9.5,16.4,29,48,15.5,58,49.7,0,39.2,35,41,27,15.6,18,18.6,20.8,0,8,43.3,63.4,20.2,103,26,17,12.5,16.5,4,7,0,95
1993,8,15,54.9,0.5,9,3.3,59.9,21,36,2,44,14.4,12,96.6,17,51,50,40.3,18,48,20.6,36,54.4,28.6,16,116.5,147,109,73,2.3,15.5,0,3,0,28
1993,9,24,53.1,142.1,170,50.4,195.7,147,95,289,122,269,84.4,178.7,198,107,115,255.8,136,186.9,166.4,181,206,149.4,120.2,266.9,187,235,77,104.9,143.8,174,16,125,187
1993,10,99,81.7,120.8,230,36.4,190,119,194,160,73,225,255.8,242.8,127,184,205,100.6,167,410.4,292.9,194,146,107,149.4,147.1,115,184,222.8,145.8,116.7,20.3,25,202,241
1993,11,366,530,305.7,217,215.1,359.6,405,403,460,418,287.5,166.3,277.5,201,288,346,231.9,185,269.3,274,271,151,194.7,279.5,173.8,229,92,485,419.2,527.1,338.2,116.2,234,399
1993,12,107,103.5,36.6,98,66.3,91.4,252,167,272,53,152.2,153.2,154.1,181,167,205,95.7,157,137.5,75.3,80,8,62,63,86.7,22,67,233,241.4,176.4,125.6,85.7,172.2696687,208
1994,1,106,115,186.1,144,163.8,241.9,1,159,195,133,206.7,83.3,204,128,146,163,182.7,92,219.3,138.2,82,132,154.7,111.5,185.9,70,108,326,111.8,292.4,84.6,106.3,139,352
1994,2,65,125.4,204.2,141,169.5,129.9,130,162,174,119,103.6,191.9,201.1,171,54,114,235.4,154,127.4,166.5,150,91,114.6,168.5,186.7,182,88,235,138.9,241,129.5,51.1,265,241
1994,3,129,87.6,260.9,201,153.5,166.5,181,149,250,267,112.1,124.8,219.8,219,173,210,136.5,210,205.7,355.3,295,204,181,311.8,227.1891985,264,201,411,158.4,283.6,173.5,208,519,280
1994,4,176,205.3,151.4,171,214.7,140.5,251,242,277.5,207,294.4,222.6,410.4,221,105,273,219.8,298,156.3,254.2,298,314,123.8,159.5,321.9136306,304,256,414,209.5,275.5,215.8,163.1,256,482
1994,5,55,96,158.7,352,196.9,210.3,144,143,324,109,216.5,212.4,187.5,263,290,349,260.7,385,341.6,344.1,317,318,303.4,261.3,371.2,329,253,281,213,174,94.6,253.8,240,542
1994,6,65,97,73.1,48,37.2,15.9,152,61,55,79,92.8,22.9,84.3,54,50.97422823,109,34.2,47,61.8,64.1,63,50,54.6,59.7,17.1,4,33.6,77,128.8,55.2,11.4,173.6,15,122
1994,7,20,25.8,8.5,9,20.9,16.4,0,68,22.20493908,52,23.3,27.8,20.9,95,35.94823055,54,88.7,57,96.9,141.9,23,78,94.8,72.6,46.5,57,50.1,2,13.3,54.6,0.9,21.8,10,68
1994,8,6,10.7,5.6,10,0,59.9,44,28,14,64,21.6,4,13.7,10,0,20,3.8,0,5,11.7,0,24,13,33.1,122.1,50,72.1,29,50.5,77.3,0,2.2,15,10
1994,9,92,112.8,123.5,181,76.3,195.7,82,0,86,132,143.7,166.2,194,117,82,102,72.4,75,85.8,76.2,159,105,51.7,97.2,131.4,131.4,39.4,99,188.8,142.3,54.5,122.4,75,113.0654113
1994,10,258,183.4,110.3,139,188.1,316.3,410,139,183,398,292.7,97.6,316.6,297,58.2,155,137,127,114,114.8,232,125,146.9,185.1,140.3,175,113,367,312,191.2,113.7,174.9,360,292.5944122
1994,11,291,452.3,288.6,335,245.3,281,431,389,340,279,388.7,134.6,512.3,171,315,324,209.6,264,300.4,218.6,263,124,191.9,214.1,185,169,175,231,315.4,433.8,183.4,166.2,315,323.7498967
1994,12,103,39.1,66.7,85,68.2,40.7,48,56,73,133,89.4,54.4,41.8,69,25,70,105.3,96,42.7,27,89,53,45.8,55.1,54.8,67,35,101,95.9,68.6,95,149.7,175,191.2154727
1995,1,67,141.4,83.1,78,25.9,21.4,37,13,42,57,19.5,0,39.3,3,15,101,37,43,61,5.8,26,3,14.5,7.2,0,56,16,67,84.1,49,12.3,26.8,90,75.83240479
1995,2,113,105,23.1,23,22.2,29.1,175,205,92,72,61.6,90.3,31.8,47,67,39,9.7,8,442.4,48,5,5,23.8,87.3,21.6,23,43,110,70.9,35.7,1.3,49.3,60.5,85.66185079
1995,3,240,270.7,82.1,103,1.7,181.2,333,385,236,169,241.1,45.4,237.9,81.5,105,65,52.1,18,52.6,28.1,127,69,95.3,162.6,60,118,60,286.9629185,77.8,260.2,94.8,86.4,145,231.2819319
1995,4,142,265.2,140.1,155,125.5,185.7,338.7,248,174,314,311.4,112,273.6,315.5,133,163,135.1,118,75.7,6.3,204,170,156,315,254.8,300,278,284,128.2,233.3,70.3,171.9,310,260
1995,5,103,106.4,123.5079208,131,117.6,228.9,132,257,132,237.7,185.9,56.3,251.6,124,187,191,67,178,142.9,114.9,110,226,157.4,211.6,381.1,207,223,149,94.5,283.7,107.6,221.9,190,224
1995,6,108,92.5,73.9,84,99.9,70.5,181,326,31.4,105,84.8,156.5,170.9,157,73,228,31.9,124,103.4,21.1,145,94,70.7,257.2,49.2,153,61,221,154.4,121.6,113,173.7,115,206
1995,7,25,26.1,54.2,58,93.2,73.6,69,115,3.6,86,49.5,81,66.2,169,135,126,88.6,136,95.7689337,91.3,101,131,166.4,190.1,222.3,193,273,116,70.7,117.1,42.3,68.9,65,234
1995,8,76,51.3,162.3,154,118.2,138.7,48,137,156,116,133.1,38.1,139.4,97,158,132,182.7,83,76.8,99.9,102,47,69.5,87.9,151.1,237,83,185,77.6,154.3,59.2,173.7,198,161
1995,9,32,31.3,138.8,70,94.4,86.4,177,54,137,98,109.4,70.4,140.6,181.2,78,176,102.8,122,235.4,108.5,73,93,112.9,121.3,166.6,172,159,26.1,103.8,50.8,105.4,144,160,166
1995,10,172,180,91.5,201,120.6,182.9,217,310,167,147,250,140.7,262.5,165,129,233,219.5,148,163.4,195.6,78,225,208.6,132.3,293.9,223,303,300,331.6,318.2,154.4,294.9,215,242
1995,11,296,249.6,106.5,156,96.9,270.3,384,399,350,148.2,324.1,31,249.4,76,172,177,104.1,98.1,95.9,84.3,193,89,46.5,46.8,94.3,39,84,360,261.7,250.1,119.7,103.9,152,264
1995,12,269,250.2,264.8,213.6,417.7,143.3,120,235,262,121,139,114,323,155,233,215,232.5,179,207.9,160.3,155,35,56.5,101.1,83.2,91,61,333,346,212.1,137.3,174.4,297,268
1996,1,140,162.3,100.9,141,75.9,185.5,240,319,167,157,298.6,92,326.4,221,76,162,62.2,110,48.7,0,158,18,148.2,60.4,30.1,43,71,272,206,228,100.5,123.8,210,138
1996,2,61,82.6,69.1,83,68.2,123.7,169,185,168,156,99.7,59.3,158.8,104,108,124,73,81,10.8,41.2,54,61,69.4,98.3,85.3,28,108,161,194.1,118.8,147.9,117.1,70,192
1996,3,219,230.6,192.6,330,194.9,195.2,367,279,288,119,208.6,131.5,175,250.6,171,250,107.1,258,156.8,181.7,220,79,83.7,129.6,148.9,195,97,245,305,251,364.4,212.7,225,177
1996,4,74,72.3,217.8,196,164.7,299.6,325,345,284,114,211.2,133.5,215.9,209,216,167,161.8,112,158.9,172.6,127,122,193.9,240.9,203.4,192,173,207,236.1,221.7,114.7,290.3,190,411
1996,5,189,207.2,374,263,333.9,194.7,260,344,170.7,202,228.8,170.6,342.2,192,239,279,283,252,275.1,154,221,358,267.2,336.5,303.2,364,433,262,171.9,211.7,174.8,411.8,220,416
1996,6,160,26.2,47,57,11.6,149.9,140,112,77.7,79,176,158,161.5,182,43,59,81.8,44,59.1,61,162,47,62.1,118.5,78.9,70,61,232,67.5,232,84.4,82.9,155,132
1996,7,14,54.3,38.2,114,11.6,75.7,20,31,26.4,108,36.7,81.9,10.6,54,19,72,18.9,71,52.6,154.5,54,82,67.7,91.8,114.8,60,85,71,62.7,20.6,16.3,47.8,20,35
1996,8,29,15,17.6,13,9.6,27.6,37,90,67.4,105,64.1,72.3,138.3,69,16,53,20.9,92,74.1,77.9,31,44,66.3,85.1,302.5,119,136,59,42.8,56.9,21.3,45.3,80,44
1996,9,22,43.2,38,101,71.2,114.9,31,67,12.4,119,156.6,80.6,218.4,201,55,125,78.6,157,106.1,131.6,139,118,92.9,177.5,82.8,77,114,77,88.8,46.5,36,35.5,40,49
1996,10,389,302.1,214.7,232,219.5,148.4,286,468,298.4,172.6,212.8,214.5,331.8,222,507,208,249.4,146,174.3,201.5,173,128,84.4,174.3,101,131,153,224,354.7,425.4,383.9,326.3,620,435
1996,11,246,159.7,97,123,224.9,205.2,109,409,174.9,173.2,274.2,64.7,214.2,205,195,121,83.2,102,79.1,143.2,110,146,70.3,56.3,70.3,130.2,94,87,198.7,214.9,217,313.5,388,163
1996,12,178,190.5,93.3,89,133.9,140.1,171,294,171,99,194.3,88,162.7,146,40,203,148.3,90.1,31.8,12,69,79,101.7,188.8,105.3,103,146,92,131.4,254,86.2,155.3,170,322
1997,1,286,230.6,220.2,105,151.1,193.8,255,319.3,194.5,202,272.9,46.9,275.7,70,130,102,97.1,16,50.6,12,112,15,62.7,51.9,81.9,58,37,258,98.8,348.3,83.8,105.7,230,475
1997,2,22,85.5,203.4,242,231.8,132.4,161,170,79.3,45,173.1,77.2,159,173,111,186,165.4,193,106.1,15,88,28,78.4,65.4,62.4,61,76,120,89,157.9,142.5,202.6,85,28
1997,3,84,60.4,122.4,167,71.8,156.2,83,214,198,287,117.5,121.4,64.5,73,134,43,17.6,110,209.5,218.1,72,71,60.6,120,112.8,104,127,128,186.4,135,64,54.2,65,225
1997,4,72,150.6,190,193,38.1,150.4,145,189,160.5,102,204.8,105.4,278.6,131,105,185.1,123.4,153,53.6,81.5,177,143.1,163.2,251.4,522.3,299,231,105,132,197.1,163.3507547,184.9,270,329
1997,5,11,11.5,18.3,18,41,72.7,62,57,41.4,97,41.6,114.3,41.8,71,127,29,74.5,89,63.6,132.2,70,70.2,249.9,116.6,343,260,241,49,53.9,75.8,73.19345373,50.8,81.85622512,99.7
1997,6,104,85.6,89,93,116.9,188.1,94.9,128,63.4,109,127.3,222.4,88.2,142,139,175,194.6,124,292.6,151.1,335,173,114.5,142.1,101.5,75,229,183.7,48.4,112.4,47.6,156.5,70,196.2
1997,7,5,2.9,0,2,0,0,38,21,0,15,4.7,0,5,0,0,0,1.1,0,0,0,0,0,0,0.1,22.4,9,6,12,4.5,28,0,0,0,0
1997,8,5,3.4,2,0,0,4.9,0,1,0,3,56,0,0,0,0,0,5.2,10,1.4,0,0,0,3.5,3.7,32.9,71,29,3,4.7,6.4,0.6,3.8,0,0
1997,9,23,9.5,29.8,1,14.9,71.7,93,171,63,98,74.9,111.5,0,134,17,62,32.6,33,45.1,105.1,49,124,116.1,126.1,235.9,99.7,192,146,78.4,63.7,59.3,64.8,60,116
1997,10,90,60.4,94.8,102,56.2,163.3,336,191,145.2,125,122.3,98.8,186.1,67,235,114,71.6,171.8,130.4,216.6,96,84,102.3,56.2,254.2,234,304,360,127.6,263.5,72.3,48,20,308
1997,11,45,39.6,72.3,224,243.1,204.4,127,175,114.3,168,136.7,40.6,95.9,219,176,123,114.1,124,153.6,66.4,68,119,98.9,165.9,293.9,272,254,206,258.1,236.4,189.9,145,235,112
1997,12,43,67.4,74.1,172,19.6,73,73,50,37.3,105,139.6,39.8,70.5,19,59,71,128.7,37,140.4,119.7,88,22,15.8,56.1,7.1,53,6,114,143.3,61.7,64.4,37.2,71.8,76
1998,1,4,28,16.3,6,26.4,28.2,1,0,0.8,31,8.1,22.2,19.4,46,7,0,16,50,37.6,42,54,78,61.7,131.2,225,190,144,40,2.9,35,54,13.9,33,128
1998,2,12,40.4,24,22,10.5,95.6,205,135,44.9,96,106.1,54,76.7,152,89,96,132.2,81,143,183.3,47,38,76.5,151.8,194.9,172,161,129,238,158.4,53,102,163.2,173
1998,3,225,168.9,126.7,118,98.3,238.5,309,133,136.7,148,187.5,193.4,244.8,221,73,162,56.5,84,587.4,221,112,226,171.3,169,183.2,208,134,466,197.5,256.3,102.8,90.7,169,216
1998,4,49,184.2,206.6,165,170.7,192.2,286,224,182.2,94,290.9,162.4,408.2,278,319,280,134.8,252,200.8,370,333,217,285,171.3,280.2,167,325,447,389.7,410,182.9,121.6,344.8,336
1998,5,46,74,209.8,353,248.2,284.9,245,179,241.7,152,202.1,235.9,307.6,341,187,244.9,248.4,259,182,311.2,197,134,346.9,224.2,288.5,205,269,219,222.4,197.5793059,184.5,165.9,221.5,191
1998,6,11,10,8.4,16,0,29.7,21.2,22,18,27,39.3,24.3,35.4,34,23,22,24.9,75,56.2,84.7,18,28,35.3,42.2,47.1,57,43,87,15.4,54.2,17,42.8,20,47
1998,7,39,33.5,38.6,93,78,33.9,20,49,49.5,69,27.6,29.7,75.6,119,36,22,57.9,16,17.8,5,33,13,143.7,106.2,173.6,195,169,85,143.3,61.2,50.8,32.1,0,35
1998,8,68,91.9,104.9,202,103.2,124,62,84,97.9,69,103.5,32.1,206.1,11,32,74,86.8,104,66.2,71.2,46,23,103.1,89.3,172.6,88,224,89,136.1,204.8,69.7,75.8,18,121
1998,9,22,33.4,60.5,75,84.4,149.5,28,109,26.6,85,56.1,108.9,61.8,103,45,81,128.2,160,763.7,121.4,85,120,120.2,75.9,417.7,314,271,185,147.7,99.7,80,88.2,240,202
1998,10,158,234.7,284.4,265,364.2,314.7,259,288,206,163.1,377.9,184.8,357.9,305,206,228,178,356,134.5,203.6,213,255,305.2,273.4,125.5,189,134,303,286.9,430.8,171.2,324.3,384.3,302
1998,11,395,309.8,205.4,154,184.9,238.2,303,481,286.9,210,268.4,67.2,353.3,382,203.4394282,168,199.6,262,208.2,182.1,132,72,113.6,131.1,75.4,113,148,334,300,302.1062526,190.9,223.9,456.9,275
1998,12,208,335.9,295.3,258,218.7,238.9,209,347,332.5,257,338.6,172,314.7,95,217,129,146.2,109,97.8,78.5,294,126,113,156.5,99.4,98,87,240,205.8,264.4,264.9,191,334,218
1999,1,48,28.7,81,109,39.8,169.6,145,125,109.4,219,98.3,70.3,118.9,135.5,79,152,15.9,73,39,39.7,181,124,95.9,140.4,106,116,228,266,88.5,219.8,92.8,112.5,192.3,354
1999,2,238,101.7,279.1,110,88.4,280.2,484,403,297.1,276,326.9,232.3,327.1,160,130,309,134.6,190,160,222.1,289,146,187.9,322.7,236.7,148,224,458,277.6,341.5,142.8,235.1,128,438
1999,3,172,51.7,150.4,91,164.5,97.6,276,373,209.6,82,207.6,58.2,196,246,60,99,89.8,130,198.6,103.6,160,180,139.6,141.9,129.6,69,113,324,144.1,340.3,193.3,246.5,223,177
1999,4,187,246.6,230.9,175,250,278.1,123,333,205.7,119,252.1,245.7,273.9,182,268,144,141.6,237,216.1,345,237,113,245.9,282,289.5,288,172,407,257,177,332.5,310.5,257,359
1999,5,180,166.1,83.7,58,227.9,132.8,160,196,238.8,109,61.9,82.9,144.8,103,128,138,164.8,183,183.2,178.2,141,132,90.4,182.7,202.8,95,115,221,216.2,237.1,182.1,167.7,154,197
1999,6,57,28.5,146.3,298,181.8,239.4,303,155,86.1,62,203.1,159.4,192.5,370,339,217,138.8,339,182.6,166.1,229,274,188.5,311.7,264.1,88,285,170,244.3,170.1,248.4,204.3,56.6,257
1999,7,2,4.1,2.8,6,1.5,37.6,28,20,4.6,35.5,19.1,33.1,16.8,47,70,30,68.7,14,27.8,25.8,33,18,37.5,26.5,111.8,21,79,73,0.6,15.9,0.8,0,50,13
1999,8,17,19.3,63.1,31,6,31.6,10,35,13.4,59,12.8,17,36.9,112,57,10,23.2,91,47.9,109.9,12,74,95.8,103.6,166.1,256.3,130,36,30.8,31.1,14,33.7,20,87
1999,9,295,262.6,152.4,145,212.7,89.1,347,237,196,194,180.1,224.6,220.4,264,130,222,116.4,142,165.8,107.9,138,207,240.7,267.8,175,187.8,275,253,316.5,274,128.4,190.9,207,254
1999,10,471,350.1,189.1,210,161.9,318.8,527,363,348.4,239,323,176.8,404.6,305,218,397,283.2,313,199.6,212.7,325,180,243.2,264.7,275.9,294,243,358,481.4,404.5,157.5,299.8,320,377
1999,11,256,192.7,89,192,19.3,261.1,235,430,270.3532247,101.4,374.7,62.3,216,214,122,102,99.3,179,64.6,109.6,136,144,115,195.4,174.8,175,126,354,162.8,174.1,146.9,223.4,365,173
1999,12,205,234.4,105.7,128,110.1,203.8,30,440,277.8,139,248.4,113.2,190.3,104,120,121,83.8,176.9,103.8,55.3,194,42,100.8,70.3,72.6,109,78,214,305.1,501,197,158.9,323,467
2000,1,9,9,121.2,91,72.8,29.4,159,145,58.7,73.3,61,21.3,41.1,146,102,19,38.2,73.6,41.6,89.4,42,38,97.5,116.6,39.6,19,24,275,112.3,233.3,43,100.2,20.6,246
2000,2,189,138.7,212.7,105,93.3,216.6,386,380,224.7,128,207.4,70.5,337.9,113,74,34,56,66,70.6,109.6,128,72,65.9,185.3,127.5,85,145,217,438.2,320.6,106.6,150.8,206,300
2000,3,242,193.3,238.4,83,183.8,213.3,396,344,342.5,110,269.4,101.8,281.5,190,192.8,126,72.6,168,173.6,81.4,168,95,69.2,120.4,66.2,40,69,202,360.2,298.1,168.6,214.7,283,300.9
2000,4,67,110.9,189.6,228,246.9,107.3,311.7,306,194.7,65,129,117.4,276.2,134.4,324,169,217.7,128,168.8,217.3,286,108,113.5,122.9,154.6,201,303,178,225.1,186.9,165.5,398.8,255.4757719,155
2000,5,144,151.5,195.8,145.1,154.4,215.3,91.3,251,143.2,79,219.5,177.9,185.4,356,171,249,194.3,322,190.9,247.6,150,346,327.7,374.6,201.3,178,196,458,162.7,348.4,154.6,306,388,388
2000,6,53,37,103.8,124,37.8,173.6,150,113,162.4,51,200,129,124.5,161,77,207,196.8,133,96.9,185.6,255,279,155.7,188.2,137.8,95,99,133,63.2,82.8,75.4,98,155,254
2000,7,80,11.4,125.6,114,97.4,16.2,18,41,9.2,36,57.6,4.2,43.3,58,82,9,51.3,42,18.8,12.8,25,66,115.6,40.6,117.3,103,118,57,31.2,67.1,102.2,75.4,48,124
2000,8,23,16.6,12.9,24,8,9.3,79,42,32.3,30,30.7,14,46.5,169,49,19,11.7,61,82.7,65.9,48,97,126.5,133.5,128.0146945,93,142,139.5,46.2,13.1,11.8,36.9,36,111
2000,9,42,98.4,110.4,180,229.9,204.4,36,223,214,80,196.2,315.6,232,325,216,338,302.6,170,252.1,162.2,180.6,215,238.2,218.3,239.3,199,142,209,107.7,320.2,282,292.8,173,325
2000,10,104,182.8,131.5,127,204.9,223.7,214.1,242,187,128,179,202.1,221.9,188,126,283,172.5,218,227.2,296.4,302,208,103.6,259.8,165.9,213,161,181,105.8,198.9,429.9,288,280,218
2000,11,119,126.6,73.3,160,163.7,87,96,299,147.3,82,137.6,56.3,109.7,189,153,101,153.2,72,88.6,114.7,62,147,49.1,88.3,83.1,166,169,316,203,195.2,144.7,141.9,138,138
2000,12,112.6,180,59.2,82,128.1,76.3,50,132,134,117,111.2,71.8,136.2,106,77,161,77.5,115,88.9,170.6,124,103,92.7,44.6,56.8,78,33,175,178.1,208.8,42,84.3,118,62
2001,1,57.2,52.5,75,60,64.1,49,169,91,79.8,68,39.9,45.4,78.9,44,55,181,72.5,87,30.4,46.8,35,42,45.4,19.8,89.1,41,22,190,131.9,229.5,125,104.1,121,70
2001,2,70.4,45,123.2,107,96.85237576,167.2,115,149,132.7,87,233.7,132,198.4,165,51,266,131.3,75,39.3,20,192,156,70.6,143.8,86.5,53,53,203,74.8,158.1,113.3,104.8,45,121
2001,3,196.8,185.9,178.8,216.9905298,136.3,218.5,181.7,311,315.3,81,259.2,244,477.3,131,197,305,153,89,274.7,228.5,319,186,126.6,153.6,222.1,132,292,337,238.2,352.8,112.2,236.5,342,326
2001,4,26.5,46,46.9,48,61.9,122,47,101,91.3,63,111.4,124.9,77.2,209,10,32,64.9,137,58,83.9,185,189.2,199.1,171.7,91.7,137,146,108,44.1,117,74.1,47.3,81,144
2001,5,56.7,157.4,144.5,172,112.3,141.7,226,209,139.4,121,137.5,148.3,239.4,240,220,242,268.7,207,184.1,136.9,174,46.9,100.9,121.3,198.6,222,205,220,228.3,318.6,154.8,199.8,144,337
2001,6,15,9,52.3,36,4.2,66.2,127,55,102.5,27.2,83.3,29.39242457,140.5,68,0,77,56.7,25,37.9,24.5,82,61.6,43.7,27,94,22,71,57,89.3,73,20,47.8,56,127
2001,7,6.1,8.2,37.3,126,116.5,73.2,3,99,58.9,34,57.5,34,45.4,70,85,125,134.3,60,82.7,135.8,77,29.8,130,90.6,149.3,91,134,70,86.9,19.7,11.6,71.8,1,80
2001,8,1.2,0,0.1,1,0,35.4,0,0,0,16,2.2,0,2.1,2,0,0,0,0,10,31,2,4.3,4.3,5.2,54.9,29,37,6,0,3.1,0,18.4,0,2
2001,9,71.2,58.3,95.8,117,145.3,88.9,94,153,74.5,50,16.2,71,51,133,164,127.6,158.3,178,76,66.9,102,91.4,261.9,160.5,124,144,74,145,237.6,144.7,85.6,157.7,111,213
2001,10,67.1,46.8,94.9,100,85.9,347.8,182,265,72.4,109,223.4,98,187.1,160,60,146,90.9,126,116.5,106.6,168,60.9,155.4,151,133.6,144,53,239,98.6,283.8,64.9,166.1,215,142
2001,11,115.9,203,297.5,213,181.3,385.6,338,464,363.2,132,251.5,113,228.1,279,115,147,305.7,278,231.7,229,247,94.3,121.7,155.7,117.8,152,118,560,269.8,357.9,184.4,332.7,409,285
2001,12,319.6,201.5,191.9,195,279.5,210.5,241.6,450,289.8,74,330.6,106,236.9,177,205,178,235.3,114,118.2,148.1,284,38.2,123.1,168,165.5,115,141,186,271.4,354.9,215.2,287.3,465,307
2002,1,36,28.3,53.5,100,28.1,45.3,24,47,11.8,34,20.3,30,68,61,0,50,96.8,6,60.6,64.9,19,10.7,12.9,30.7,29.8,93,67,134,49.3,18.7,17.4,54.6,81,67
2002,2,147.4,134.5,125,180,112.9,116,133,122,86.1,58,25.4,9,88.1,9,180,93,10.1,37,18.4,92.3,40,21.6,59.3,102,30.9,57,42,134,142.4,64.9,62.4,95.7,0,98
2002,3,157.1,113.3,394.7,285,279.2,275.4,378,219.4,294.9,76,299.7,191,403,266,180,316,192.7,336,300,384.9,328,90,370.2,327.2,152.9,263,189,402,319.6,307.9880691,272.4,351.7,308,229
2002,4,205.6,298,400,426,241.2,295.3,289,281,412.7,248,243.1,303,326,255,550,390,415.5,321,278.4,304.7,332,216.2,228.7,269.2,154.5,293,229,397,260,313.1910921,307.6,385.5,409.5,415
2002,5,131.9,197.3,74.1,75,94.7,172.4,194,344,199.2,132,197.4,120,158.9,115,120,120,132.5,82,158.8,123.3,215,174.8,129.2,138.8,203.6,205,219,302,216.1,290.9,140.4,189.1,259,219
2002,6,91.4,50.9,63.1,61,60.6,120.7,111.6,127,78.5,61,75.9,80,101.3,169,20,76,65.1,93,77.6,94.8,150,148.9,179.9,146,281.4,125,258,143,71.1,84.05194095,43.6,72.7,6,111
2002,7,45,33.9,75.7,49,36.1,33.5,21,43,24.7,29,10.6,78.6,13.3,62,20,19,7.6,34,29.3,32.5,8,64.8,84,75.3,41,81,68,57,73.5,72.63340399,41.6,84.6,37,88
2002,8,0.3,11.4,3.3,28,7.6,40.4,18.4,37,6.9,29,31.3,20,28.8,114,0,70,44.3,12,4.2,54.7,122,6.4,27.7,59.7,40.6,30,46,116,103.1,43.5,46.7,30.7,105,50
2002,9,25.8,40.5,23.5,74,31.8,94.5,100,76,15.5,60,69.32563233,61,35.4,213,45,57,67.6,125,111.6,129.8,77.2,98.1,133.5,117.1,170.1,182,107,182,50.5,70.8,69.5,80.6,66,153
2002,10,162.1,137.7,330.9,308,223.6,426.5,198.9,289,355.6,140,279.0402649,220,242.1,259,349,338,200.5,203,268.9,278.3,208.6,77.2,204.2,369.3,161,153,233,309,226.1,308.5,219,308.9,284.5,247
2002,11,49.4,172.9,233,177,132.5,91.4,188,187,215.9,42,163.2155369,39,199.7,138,275,68,213.5,155,118.5,96.8,122,52.5,73,100.3,28.5,56,38,339,257.6,197.6,218.5,221.7,342,202
2002,12,196,198,163.3,268,182.4,226.5,254,198,242.5,120,195.1455103,54,260.3,64,150,134,167.5,100,121.9,139.7,89,49.7,59.7,83.4,146.3,191.8,51,217,147.8,193.6,196.3,195,237,248
2003,1,42.4,27.2,36,11,52.7,13.2,124,62,69,29.2,42.4,0,40.6,23,0,74,13.3,24,9.5,11.5,9,5.1,12.9,28.1,83.7,44,25,150,73.7,106.9,16.8,39.5,17,120
2003,2,53.2,194.9,115.7,97,144.6,158.3,87,135,234.3,82,172.1,139,108.1,44,35,63,86.90390326,66,104.7,89.2,167,22.9,39.7,39.3,106,106,104,192,208.7,99.2,153.9,93.2,145,128
2003,3,251.6,147.4,162.6,111,144,227.4,237,332,145.8,100,146.4,262,251.1,158,40,203,161.1888066,78,214.4,167.8,248,85.6,60.4,120.5,208.3,126,218,262,315.6,224.7,130.9,212.5,482,226
2003,4,169.8,148.6,256.7,262,163.3,161.5,173,213.1,222.7,122,117.2,267,193,176,265,135,147,324,216,306.2,156,121.3,338.3,233.5,375.9,411,365,284,175.4,278.2,117.3,211,172,155
2003,5,7.8,33.4,202.6,134,147.8,87.6,100,46,72.8,35,94.4,54,163.5,140,80,93,64.2,102,133,126.1,126,87.2,101,84,94.1,111,218,68,50.2,49,178.1,132.5,182,96
2003,6,17.9,69.6,74.6,173,198.3,157.2,145,110,58,65,171.6,113,172.9,224,280,209,160.4,235,300.4,280.7,122,22.6,188,203.1,73.9,158,121,266,82.3,166.2,68.2,144.7,84,253
2003,7,7.7,177.6,26,43,18.4,36.2,20,4,51,27,39.6,40,22.9,26,0,130,44,6,15.3,25.3,0,27,16.7,43.9,33.9,29,45,24,55,88.5,36.2,23.2,1,35
2003,8,0,0.5,9.6,24,27.2,39,36,23,8.4,15,84,11,81.7,20,70,101,55.6,5,20,16,55.9,21.4,14.3,13.8,102.2,63,109,48,17,22.2,28.1,55.9,0,18
2003,9,74.4,115.7,180.2,68,101.7,180.6,60,119,111.1,53,107.2,116,156.4,158,40,286,105.6,229,158.8,184.5,213,146.6,154.9,120.1,241.2,113,196,311,180.7,297.1,71.1,190.8,66,169
2003,10,132.9,168.5,225.3,158,176.4,315,252,376,259.5,90,264.8,177,207.2,202,230,242,122,110,115.7,89.3,213,68.5,171.1,217.1,285.1,255,124,347,258.8,238.4,178.3,185.4,269,375
2003,11,265.6,252.5,199.8,176,288.9,289.8,267,272,240.3,69,311.5,156,417,282,140,206,86.9,139,104.1,90.5,349,39.5,214.5,226.7,72.4,311,71,374,375.8,260.1,237.5,169.1,406,169
2003,12,113.4,106.6,76,50,148.9,190,142,123,149.1,64,83.8,49,240.6,129,90,74,125.9,132,68.4,112.1,70,47.4,9.1,99.7,30.9,63,7,259,115.7,226.4,56,162.2,71,93
2004,1,20,24.7,46,33,45.9,68.3,188,72,57,62,105.8,3,114.1,137,110,80,89.2,5,56.5,3.7,42.05794183,1,10.8,74.2,5.4,86,7,180,92.4,217.7,66.01951567,65.4,106,157
2004,2,162.5,288.4,125.9,147,136.4,118.7,134,140,145.7,134,209.2,133,205.4,108,100,124,269.2,39,34.7,47,108.2671482,56.7,56.2,79.3,62.6,121,92,288,243.4,280.7,126,189.3,207,82
2004,3,11.3,7.9,35.7,17,59.5,33,41,87,53.9,121,41.7,34,41.9,35,0,33,7.5,27,23.7,38.1,37.59842769,27.9,93,45.7,48.9,61,86,115,144.2,68.4,65.2,89,0,72
2004,4,112.4,155,386.6,335,210.4,162.8,400,311,279.6,229,225.1,231,298.4,221,180,402,261.8,176,174.5,188.7,140,47.3,175.4,183.5,90.5,272,127,388,180.1,370.3,171.9,156.5,305,245.1
2004,5,34.7,33.8,43.2,102,156.4,223.9,54,84,74.4,252,116,218,120.8,285,180,87,150.3,269,223.4,168.6,356,77.1,182.3,308.5,272.3,325,306,194,88.4,83.9,44.7,193.4,246,298
2004,6,6.5,10,11.2,18,7.5,17,52,31,23.3,49,8.5,22,18.5,45,40,113,25.7,64,17,48.2,141,6.3,17.7,26.7,0,35,102,70,9.6,11.7,6.5,48.4,53,63
2004,7,23.6,49,44.5,157,98.5,106.5,64,46,98.9,52,117.5,21,113,35,35,25,13.8,31,59.9,68.4,27,41.1,69.2,53.5,116.3,134,148,129,81,61.1,148.6,163.8,101.9329956,85
2004,8,17.9,15.9,8.8,0,15.6,6.3,22,0,0.2,24,0,21,1,8,0,25,3.5,10,11.5,5.9,30,6,46.7,34,82.2,102,50,8,7.134106006,5.1,0.1,0,0,0
2004,9,51.9,64.9,90.8,83,72.8,89.6,61,52,72.3,136,110.4,169,156.8,160,86,115.5,103.4,98,169,127,56.5,98.6,90.5,144.1,189.3,152,127,92,160.8,135,30.2,120.2,52,145
2004,10,252.9,291.1,278.4,293,310.1,380.6,410,467.5,399.2,351,324.7,140,485.9,267,212,159,237.2,227,327.1,217.7,374,128.1,146.8,201,186.1,201,164,353,243.2,490.8,264.8,309,471,395
2004,11,92.5,390.2,101.9,66,200.6,200.8,366,457,459.9,538,230.4,32,212.8,107,214,233,117.6,108,54.8,102.2,67,58.1,75.9,191,147.3,215,114,407,183.6,411.7,296.7,170.8,330,292.2
2004,12,257,220.8,36.7,85,75.1,138.1,248,263,236.2,158,233.4,97,232.4,148,152,76,23.4,63,55.1,102.9,175,109.9,63.6,46.2,93.3,58,156,150,195.2,227.4,168.4,106.3,108,128
2005,1,46.8,139.3,73.5,92,78.9,114.7,144,208,16.3,107,70.7,71,111.6,156,61,16,55.1,115,54.6,120.4,60,17.4,67.5,118.1,88.7,96,147,101,103.9,183.7,52.5,91.2,235,162
2005,2,52.5,82.7,201.5,93,185.3,220.7,223,153,339.8,84,256.7,73,306.3,119,131,84,16.7,40,48.2,88.8,131,13.9,69.3,97.3,10.3,34,20,671,103.7,359,133.1,75.3,121,342
2005,3,123.7,172.7,182.980493,188,149.1,145.9,269,205,162.7,107,293.2,183,245.3,118,206,128,190.2,142.0466567,164.4,171.9,148,21,95.5,96.6,176.1,194,117,202,134,184.4,228.5,184.2,201,383
2005,4,139.5,156.6,27.1,59,80.7,162.3,142,134,38.1,59,112.8,53,79.8,244,82,16,59.5,223,77.6,109.8,107,76.5,85.5,119.9,137.1,127,205,169,118.7,260.1,105.3,47.6,107,161
2005,5,126.8,231.4,234.2,213,162.6,269.9,273,349,233.7,234,249.5,284,205.8,347,200,258,308.8,270,313.4,271.1,334,106.6,254.2,272.1,229,256,312,318,235.4,271.5,180,194.6,237,171
2005,6,1.1,11,38.5,97,61,37.2,19,28,1.3,7,19.7,33,6.1,51,37,50,11.4,112,82.5,42.9,71,15.1,42.1,26.3,141.5,155,169,33,6.3,10.5,28.4,69,71,12
2005,7,10.9,63.1,75.8,88,76.8,72.4,37,78,89.9,66.30572675,26.9,2,28.3,12,59,21,32.4,35,23.3,18.8,103,3.7,35.1,41.4,33.1,95,83,87,45,85.5,20.2,17.1,100,95
2005,8,13.8,24.2,29.1,45,46.5,21.4,14,26,28.3,53.03179249,60.3,5,23.5,28,44,15,22,14,39.3,26.2,0,5.2,70.3,50.5,78.6,159,56,23,50.3,27.5,1.1,7.3,2,96
2005,9,44.9,36.2,76.7,58,44.1,47.1,158,239,126.8,75.2770088,173.4,52,118.3,106,20,40,46.1,125,170.2,135.4,7,70,227.2,120.2,195.2,114,194,115,41.5,82.1,57.6,72.5,90,122
2005,10,210.3,319.3,310.2292493,322,272.7,535.8,467,527,355.7,215,475.7,379,350.4,120,157,431,239.9164647,307,239.9,195.7,352,86.4,167.5,240,238.8,393,159,434,409.2,550.8,254.4,433.3,419,417
2005,11,160.5,194,133.8,152,132,240.8,343,279,232.5,309,358,87,266.7,201,294,207,184.8403795,186,219,217.3,183,102,155.8,167.4,166.8,201,189,243,246,358.9,100.3,204.3,282,461
2005,12,237.4,238.6,206.6,176,141.4,216.5,420,595,322.7,131,231.5,55,172.2,181,172,80,105.6,109,93.3,83.7,115,24.2,73.8,130,60.4,43,59,263,243.6,335,193.7,250.4,355,258
2006,1,169,259.2,107.3,163,148.2,142.4,213,347,77.1,163,89.6,33,93.5,252,119,100,98.2,95,71.2,55.5,122,47.8,0.6,70.9,51.1,79,143,389,154.4,229.6,114.2,122.1,128,187
2006,2,188.3,150.4,31.3,78,58.3,165.5,134,279,138.5,358,152.2,30,104,106,59,45,12.7,104,29.4,37.9,55,5.3,52,48.7,25.7,68,38,173,192,263.7,43.7,100.2,243.1,214
2006,3,178,227.2,121.6,133,131.2,219,449,436,419.2,213,371.3,137,364.5,118,144,109,164,154.0710481,185.4,124.5,224,51.8,172.1,157.1,88.9,91,89,384,252.4,354.4,106.8,183.7,291,249
2006,4,234.8,225.2,303.6,251,282.8,227.5,392,246,308.4,350,281.9,264,329.5,192,324,187,167.9,137,185.4,214.2,247,46.5,304.1,398.1,266.7,206,247,392,331,364.6,412,361.5,326,358
2006,5,42.9,23.3,35.9,79,99.7,144.7,182,52,53.9,214,121.5,149,212.6,162,198,158,160.7,183,258,221.5,196,250.8,102,142,311.1,237,190,101,82.3,172.1,133.4,134.4,44,133
2006,6,61.5,88.5,45.2,86.5,49.5,117.8,81,88,65.4,98,124.6,58,157.9,119,25,100,83,52,70.7,40.4,101,31.3,45.2,83.4,105.9,109,91,130,75,131.1,70.16905863,182.9,177,239
2006,7,41.5,32.5,34.8,46,49.1,69.8,44,46,108.5,34,86.8,12,56.3,42,25,39,47.3,20,46.7,11.4,47,6.5,3,12.6,1.5,11,7,49,53.4,60.9,35.4,91.6,6,99
2006,8,1.7,2.6,10.7,20,15,38.1,10,2,17.3,48,16.5,21,27,27,24,1,10.18065398,32,5,34.1,20,79.5,17.1,51.2,81.9,136,94,13,48.2,53.4,12,13,25,30
2006,9,26,56.5,180.5,151,85.1,41.3,21,51,65.2,58,43.6,87,50.4,155,64,89,127.3635408,143,146.4,101.7,160,138.6,106.9,91.8,60.6,95,196,54,66,47.9,65.1,47.7,103,120
2006,10,143.5,108.1,137.6,151,117.2,382.7,229,294,342.1,207.5041028,289.8,97,279.1,170,161,83,98.8,62,63.3,71.4,166,122.4667387,61.1,119.4,153.4,161,145,319,313,267.2,193.7200582,223.1,396,279
2006,11,244.6,462.2,246.2,232,162.9,214.6,348,454,321.6,213,370.9,192,315.2,373,286,184,132.9,262,141.1,218.8,179,113.4,223.4,273.2,347.3,141,216,351,437.7,481.1,468.4,418.9,548,383
2006,12,215.7,185.9,183,230,354.4,326.8,264,221,214.1,114,301.4,130,349.6,0,354,155,202.8,208,172.5,257.2,295,143.6,56.3,195.4,80.4,108,101,218,213.2,248.5,301.8,347.5,378,198
2007,1,51.6,156.4,80.7,106,57.8,143.2,305,66,31.5,24,101.8,143,93.6,113.9366587,54,120,117.5,103,109.7,108.7,162,138,120.7,114.8,149.8798837,194,251,91,84.2,113.6,119.5,119.1,333,158
2007,2,1.2,39.2,35.5,13,38.6,107.7,41,12,34.6,50,21.1,0,26.7,17.2874805,7,5,28.3,0,6.8,1.6,6,0,7.3,4.2,52.3,0,19,122,24,71.6,84,20.8,43,17
2007,3,126.9,175.1,175.2,178,139.8,236.3,303,284,185.4,192,213.2,185,263,200.2623096,229,118,162,182,254,281.5,168.5,214.8,231.1,222.3,221.2,185,145,351,377.5,316.4,102.8,269,191,340
2007,4,86.4,229.6,291.9,341,461.3,268.4,319,492,318.8,174,263.9,378,322.3,350.8065864,176,335,317.6,408,412.7,269.7,411,144.7,185.7,349,364.3,323,170,374,418,376.1,419.9,389.7,547,552
2007,5,80.8,138.4,197.1,180,251.9,310.1,313,190,294.7,143,269.4,192,329.2,290.6681855,279,424,188.1,246,266.1,272.5,397,294.7,259.1,355.2,343.2,105,270,227,174,309.3,193.4,226.2,236,376
2007,6,27.7,21.6,76.4,78,21.6,35.4,39,12,18.1,67,33.5,37,34.5,99.98990274,25,146,47.2,81,73.6,128.6,104,57,16,38.9,44.8,36,51,81,29,69.1,48.2,53.1,80,98
2007,7,66.9,74,110.7,120,144.3,18.7,96,93,89.1,30,105.9,93,143.4,119.8565663,120.1,47,181.6,145,167.7,159.5,77,111.3,100.9,103,31.5,48,65,189,108.5,97,88.9,142.6,135,200
2007,8,28,68.6,35.9,60,26.4,126.8,45,116,29.9,57,91.9,46,32.7,77.49178212,7,68,24.5,19,19.2,25.3,56,66.5,73.6,70,136.1,144,42,114,78.6,94.8,53.6,28.1,30,122
2007,9,0,6.2,40.5,22,7.6,32.2,62,25,0.8,43,19.1,97,0.5,63.51339896,3,0,4.9,31,24.7,28.1,56,33.5,34.2,47.9,186.7,103,64,7,40.3,23.2,0,11.6,0,60
2007,10,271.3,287.3,307.5,375,237.8,441.1,655,557,236.3,235,540.6,164,366.1,295.5471939,353.3,131,265.8,239,213.8,174.8,284,257.6,252.7,201.5,323.4,422,282,498,475.5,510.1,230.9,374.4,474,373
2007,11,294.7,162.5,146.5,193,258,145.6,155,293,211.5240557,181,290.4,71,349.2,133,161,247,163.7,163,155.6,166.1,150,60.5,77.6,173.4,57.6,198,79,284.4,409.3,368.3,197.7,261,346,292
2007,12,127.4,238.7,140.3,162,144.8,144.9,339,363,168.8,200,277.9,55,350.9,189,50,57,218.4,131.2911533,51.2,71,121,39.5,117.5,123.5,189.5,54,23,472,126,401.4,274.5,227.1,276,336
2008,1,59.4,146.3,217.3,239,81.3,156.5,162,272,150.5,99,197.2,88.9,175.5,63,58,42,51.4,149,70.2,152.2,157,96.8,61.9,70.7,105.5,113.1,116,312,182.6,260.9,163.4,93,100,173
2008,2,144.7,190.8,148.1,141,92.3,250.8,476,287,180.5,164,217.1,46,390.4,174,134,21,36.5,85,109.8,111.9,82,172.5,109.2,128.7,103.9,172,159,299,225.5,367,117.1,111,250,336
2008,3,126.5,204.5,170,61,73.8,273.1,263,265,172.6,197,370.8,148,182.9,217,82,65,122.9,151,166.6,70.5,148,29,37.9,116.3,73,83,31,306,293.5,348.6,150.9,186.2,286,308
2008,4,356.3,459.2,258.6,177,174.1,213.1,254,234,278.5,109,203.6,113,318.1,200,407,170,249.2,164,134.1,101.5,229,324.8,187.1,185.6,142.3,174,182,453,497.8,293.6,224.3,214.9,373,242
2008,5,123.2,236.9,270.5,300,310.1,337.3,277,330,204.5,182,327.5,206,269.4,423,528,201,290,302,293.1,193,219.9,280.6,415.9,372.3,382.1,418.7,305,390,359.6,259,232.1,404.4,350,343
2008,6,13,13.9,99.7,81,27,100.9,69,146,55.5,125,93,35,116.2,179,130,53,53.7,172,126.4,150,90,76.9,113.8,90.4,48.8,97,34,232,50.6,109.3,51.4,101.1,99,111
2008,7,33.2,17.8,90.2,95,0,98,42,55,27.8,72,140.2,81,77.6,63,96,133,58.7,53,169.1,83,80,67.9,133.5,72.2,117.8,59,164,182,68.7,157.8,163,148.1,160,139
2008,8,73.9,98.5,214.2,201,110.8,200.2,321,174,183.4,277,95.8,168,114.1,427,266,277,180.8,236,181.5,167,195,183.8,316.4,216.4,216,228,203,222,123.5,244.3,189.1,181.4,245,436
2008,9,89.2,86,163.6,236,180.7,79.7,182,118,131.5,78,202.3,137,209.2,248,500,165,138.4,198,181.7,174,92,135.2,200.7,137.6,162.9,72,97,130,139.3,197.1,266.4,172.4,152,223
2008,10,314.7,338.7,274.9,188,142.1,314.3,428,443,259.5,241,167.3,89,210.8,191,421,187,141.9,214.7225306,139.1,155,172,90.2,233.9,216,161.5,143,105,451,297.7,398.5,241.2,199.8,361,305
2008,11,359,465.1,234.2,267,180.5,400.0359847,605,760.4,581.1,479,513.9,119,540.2,392,375,254,123.2,164,123.7,114,357,104.5,250.6,315.8,94,339.157087,126,464,578.6,431.9,361.8,234.4,470.5568894,446
2008,12,297,183.2,54.2,26,110.2,98.47023546,273,136,129.6,111,143.1,89,120.1,194,146,36,25.2,61,21.9,31,79,34,179.2,76.4,8.7,35,19,305,109.3,238,96.4,38.8,158.8,281
2009,1,199.2,243.9,136.8,197,182.9,258,258,278,173.3,100,176.6,113,282.6,320,320,200,146.7,120,171.3,138,257,111.7,161.3,230.1,142.7,145,98,330,257.7,228.5,297.8,213.4,461,589.1
2009,2,99.2,112.6,235.3,149,76,116.2328105,202,263,198.1,77,97.2,121,108.8,169,84,166,128.8,36,79,55,74,47.5,59.5,120.4,9.8,88,24,411,102.6,232.6,63.7,89.2,245,326.6
2009,3,172.2,240.4,422.2,359,330.9,340.2858716,505,496,319.9,264,406.4,251,447,375,409,274,312.3,202,168.3,155,240,152.7,176.8,219.9,101.7,152,129,395,288.6,436.7,345.1,298.8,391,522
2009,4,107.3,107.7,58.8,179,69.7,195.7668834,261,291,109.8,216,125.2,23,176.3,267,337,94,185.5,217,106.2,122,75,146.4,111.5,173.9,190.4,229,104,344,252.6,277.2,62.3,187.4,238,302.6
2009,5,94.1,44.8,37.4,34,15.9,199.1296538,199,209,59.1,92,270.3,77,181.6,165,88,10,91.7,118,96,113,207,160.2,91.4,160.1,190.6,185.6132183,236,207,135.4,84.3,129.1,93.9,120,194
2009,6,16.1,28.8,40.2,76,99,136.6600788,35,69,77.6,87,121,80,47.9,134,56,50,69.5,49.3,62.8,53,90,174.5,85.1,112.8,181.4,176,215,98,81.4,47.3,81,68.9,23,115.0455219
2009,7,4.4,11.4,11.6,8,0,21.66323709,38,26,11.4,19,11.4,1,55.4,20,0,0,1.4,12,2.6,8,7,1.9,18,36.1,20,0,10,24,36.6,14.2,0.5,2.5,6,58
2009,8,91.1,103.6,72.5,81,19,42,40,70,105.8,43,34.6,41,29.1,149,62,64,68.7,79,35.5,37,38,30.5,66.7,108.6,52,105,9,63,175.2,77.3,30.4,23.4,60,174
2009,9,52.2,68.9,118.3,96,88,102,87,25,77.5,72,90.9,70,61,44,91,88,84.5,111,149.1,130,82,83.5,66.3,45.7,90.1,63,95,68,53.4,21.3,38.6,41.2,40,63
2009,10,22.3,138.7,69.5,82,142,178,226,340,134,124,204.8,36,140.7,116,77,144,85.8,92,34,55,124,82,126.8,105.1,147.8,188,87,292,186.2,511,87.7,96.3,159,165
2009,11,29.3,165.3,244.9,95,168,209,232,179,293.7,139,202.1,139,240.5,295,91,85,122.3,166,67.5,68,105,239.3,108.7,152.8,314.6,206,198,219,198.1018391,186.5,173.1,99.8,255,230
2009,12,24.8,31,202.2,165,173,194,140,131,72.3,40,180,106,142.2,163,138,252,198.5,101,195.5,153,152,96.9,104.2,95.7,94.7,82,212,224,181.8,251.3,213.2,91,166,282
2010,1,0,50.9,59.7,27,14,133,26,57.51519922,114.6,23,56.54071189,48,92.9,51,58,101,65.7,59,45.13400478,54,117,35.5,23.2111768,47.3,1.8,3,44,63,60.3,50.20511816,62.1,37.2,39,59
2010,2,40.1,116.6,110.9,118,60,119,103,132,95,49,119.723351,51,124,97,46,35,50.6,102,77.58984725,124,106.1473642,21.2,70.1336633,95,76.3,69,10,163,231.6,177.935903,39.9,77.5,155,113
2010,3,84,89.4,30.9,81,125,114,105,142,96.4,84,94.56060777,36,45.6,189,126,57,144.7,54,93.46947645,79,158,110.4,88.30221652,47.6,123.5,133,25,277,141,234.7544143,156.0843314,195.5,260,280
2010,4,387,356.5,437.2,378,473,421,519,264,483.1,226,476.7128088,446,513.9,313,550.6505314,573,434.3,521,421.4697752,600,375,315.2,293.7616252,234.2,258.1,256,172,481,494.5,481.8353489,439.6353689,544.9,717,477
2010,5,266,295.7,227.9,209,224,381,242,481,379.4,161,298.4108288,226,356.5,286,281,295,257,264,239.8841129,215,163.5,149,181.9767101,163.2,122.2,194.6165824,109,283,251.6,201.7049425,116.2,283.1,319,243
2010,6,96,110.2,41.6,62,113,118,118,188,84.9,183,144.886027,87,133.2,173,158,164,144.2,66,137.5639619,146,144.7343594,136.9,159.5586677,120.2,104,101.8786661,274,203,60.5,133.4659955,118.7,171.7,79,313
2010,7,83,175.8,181.2,189,111,218,189,235,267.6,99,228.1527792,103,280.4,340,181,194,164.5,372,168.7257828,202,155.1976205,113.5,243.6914026,214.2,235.4,164.142081,193,222,195.3,210.5365577,192.0752413,338.8,397,340
2010,8,10,10.7,15,24,43,74,46,57,1.3,79,76.05785764,77,80.1,90,98,52,66.9,60,46.20612265,26,71.99103041,23.8,51.26827791,37.1,156,97.84630758,27,70,84.8,49.16767649,5.1,63.5,46,75
2010,9,96,96,93.1,162,121.9323301,119,135,221,159.5,122,129.8664948,173,91.1,350,131,84,132.8,94,120.1870329,101,201,100.1096007,134.8398091,231.6,80.3,131.6458748,58,206,240.1,208.6161789,200.7,163.3328221,273,317
2010,10,307,274.6,61.4,114,137.9412863,173,324,353,168.8,201,253.6848794,39,295.5,206,126,149,79.6,48,126.0615504,36,222,55.6,145.2973161,175.9,148.4,248,104,177,251.1,339.0139026,128.6,173.8318959,282,214
2010,11,416,289.3,247.7,157,212.0423155,412,597,665,229.2,302,412.0369786,124,394,329,295,275,142.8,166,157.1678867,116,169,99.2,169.3759155,222.7,156.9,224,162,520,512,545.239728,304.1,269.5,345,362
2010,12,286,148,83.9,101,134.2026009,358,298,338,235.5,236,208.4598926,72,158.6,149,127,43,71.1,91,116.6542999,107,82,54.8,138.4781689,287.5,86,138,159,461,228.3,298.6950475,204.4,101.9,398,352
2011,1,47,98.5,105.1738917,150,94,0,72,139,128.6,31,162.3,103,155,118,216,243,40.5,124,56.06720701,30.4,30,39.1,21.5,95.5,69.9,36,141,139,83.5,135.3,134.6,95.4,102,263
2011,2,79,147.2,117.5,131,88,252,287,409,187.3,309,224.8,100,118,149,164,123,251.3,62,128.0342239,84.1,193,46.3,47.1,156.9,194.5,178,39,313,367,386,284.3,217.2,411,337
2011,3,164,113,99.4,107,162,70.6,480,392,188.1,222,150.2,140.2852912,166,247,337,146,257.4,239,168.8935551,124.4,177,94.3,229.3,310.1,81.6,211,116,234,248.3,245.3,196.4,251,278,339
2011,4,471,544.6,374.6078907,453,400,88,776,691,574.8,500,570.7,157,490.8,595,914,424,424.4,403,324.1442629,262.6,322.9261536,222.6,335,276.7,169.4,247,135,558,460.3,646,533.6,666.8,659,536
2011,5,76,88.1,98.1,53,215,38.4,247,267,187.4,213,214.6,51,253,220,439,118,88.6,139,165.6695071,234.3,152,223.2,219.2,170.3,211.5,188,296,270,95.9,237.4,186,84.3,211,273
2011,6,48,77.4,150.7,53,167,129.5774094,160,238,122.8,102,248.2,52,233.9,146,178,56,152.9,117,108.7285979,134,103,75.9,60.1,80.1,59,100,0,368,127.3,150.2,229.7,95,223,216
2011,7,22,27.3,19.2,46,36.03690961,100.2981722,134,147,18.7,125,103.9,39,86.7,67,22,117,45.3,15,44.22179628,28.6,111,36.7,29,84.3,134.7,143,100,86,81.7,96.01874091,38.5,55.8,135,102
2011,8,4,6.5,33.6,88,46,75.41649574,36,55,25.4,66,21.8,32,51.9,56,118,126,81.6,13,51.27266108,20.2,40,123.5,28.5,59.1,125.5,161,62,63,72.8,13.1,27.8,22.7,70,82
2011,9,68,45.3,91,72,74,81.5990334,44,27,65.8,70,88,59,112.9,190,81,135,169.9,34,76.55006936,71.1,49,159,50.8,81.4,77.7,215,60,85,66.9,67.2,65,107.7,78,181
2011,10,248,213.6,107.4,215,103,294.5285711,379,409,139.1,280,208,95,302.6,200,505,167,83.4,180,196.0977944,176.3,135,242.9,158.6,133.3,187.6,224.4540054,222,446,220.5,317.3,120.2,178.7,336,307
2011,11,606,429.8,211.5,143,307,385.4754774,591,649,508.8,313,449.8,140,532.8,373,365,321,212.3,174,199.2169557,170.8,296,83.3,215.9,308.1,142.4,159,116,620,543.8,500.4,300.1,355.5044206,669,349
2011,12,156,328.4,276.7070381,244,265,263.6507861,596,406,428.1,242,478.7,61,559.8,234,235,101,307.3,111,139.0615004,86.5,236,119.6,111.3,140.5,84,259,39,343.6,331.7,407.6,252.1,399.1,440,451
2012,1,142,121.5,160.3490069,128.1041925,184,223,405,440,245.2,85,249.4,105,207.3,177,177,97,102.2,104,89.84048046,63.6,144,63,96.8,182.5,106.8,199,52,367,146.3,279.3,137.6,141.2,180.3860526,351
2012,2,5,36.3,109.8,133.0307457,160,57,160,150,140.5,96,163.7,87,165.2,224,285,53,59.7,125,105.926513,135.6,71,253.6,119.2,84.4,169.3,115,166,162.4390187,104.8,163.9,144.5,229.7,157.7225243,192
2012,3,127,265.4,216.1,179.2957027,136,90,198,260,358,125,203.5,69,250.6,322,392,167,117.3,197,165.5785518,215.4,119,86,106.3,119.6,129.5,125,134,213,153.6,173.2,151.3,246.8,211.0889989,142
2012,4,226,203.9,256.9,260.0043885,245,186,462,437,358.3,273,312.5,201,423.7,323,336,364,307.2,255,258.8084846,223.9,189,314.1,181.9,303.8,233.5,184,229,430,333.1,351.2,171.3,378.6,337.3255686,397
2012,5,14,6.8,20,47.62122924,0,114.6884966,111,126,49.3,142,103.8,41,46,168,25,98,16.1,39,73.83220248,48.3,54,120.2,156.5678399,153.2,252.9,155,231,80,51.7,64.1,42.09756602,29.8,81.97992073,170
2012,6,1,7.2,0,28.10450797,22,49.18817633,22,30,27.6,49,17.4,5,15.5,10,32,0,13.8,24,39.210258,29.7,14,30.39450953,27.0504004,18.1,13.7,35,60,40.67146056,52.1,46.4,20.18590801,37.5,17.95359692,86
2012,7,3,0,24.5,26.35408852,14,56.04713616,48,38,27.6,49,55.29429436,10,25.5,8,16,62,26.02848728,19,35.11666624,23.3,13,67.5,32.36422136,32.6,30.1,33,75,39.20895045,29.97781593,36.82905204,14.85111306,12.2,8.009485536,120
2012,8,7,0,17.1,27.22601918,16,5,72,25,36,80,37.12123435,16,32.5,61,32,0,8.7,75,37.42497328,48.7,21.1,69.5,48.12431999,72.4,172.3,171,49,30.56375967,22.99510237,17.81464168,15.86283683,81.5,15.18752222,59
2012,9,5,13.2,28,30.79185678,11,47.74576309,41,49,31.2,46,36.74743665,27,57,12,16,14,27.8,37,43.48729381,15.8,15,33.7,42.70641873,55.4,51.18507498,78,57,40.49836195,35.18254196,31.64582068,30.36974966,28.5,36.46547397,82
2012,10,268,190.4,171.9,243.8735867,280.2,310.5468466,201,286,272.4,148,306.7777758,194,588,354,155,476,203.2,310,241.3006991,156.5,195.1,244.2,205.9758742,253.9,120.7,274,119,310.4307746,301.7905485,301.8343017,263.5807802,241.8,378.8854006,368
2012,11,340,276.9,113.9,137.9882252,118.1,246,300,322,163.3,180,198.8557789,35,271,126,131.9781307,126,93.9,110,96.03986082,63,127,39.5,70.37014275,92.3,102.0279256,161,47,238.0276085,266.7544345,218.3328204,226.9560226,116.4,316.8262508,374
2012,12,249,180.2655129,144.2,109.9569999,109,108,249,230,203.3,126,138.1653051,50,185,222,120,17,51.5,42,64.77270105,58.1,9,22.7,60.12175552,173.2,45.55827442,59,0,244.8264608,185.7830047,206.7381718,153.854942,158.1,125,168
2013,1,64,103.1,48.5,13,34,85,223,108,95,142,87.2196631,24,132,144,35,55,20.4555894,45,32.75275802,30.6,44,21.1,43.6,49.3,19.1,47,25,340,34.7,100.1,63.6,92.3,26,132
2013,2,123,134.4787354,174.3,124,118,347,308,339,175.7,132,212.8670668,76,347,236,66,226,166.4992668,230,144.5447653,129,182.1681149,77.5,133.1852511,118.5,76.1,214,180,300,405.5,187.9,143.7,191.9,15,162
2013,3,28,107.1373375,112.4,129,117,108,231.3901679,189.5,189.7685163,101,185.2320739,74,357,184,206,96,168.6899923,187,142.3792083,218.5,117.1036545,105,128.8715902,121.4,99.9,51,88,225,163.6,79.9,204.8,257,51,314
2013,4,118,136.5416751,96.8,142,157,476.5,235,76,96.4,126,193.0947186,154,240,256,384,90,103.9,233,150.8680607,141.2,135,162.1,127.6866062,195.7,120.8,259,210,186,213.5,197.6710469,176.8,268.9,21,365
2013,5,231,142.5,268.2554311,199,232,63,233,256,438.9,250,287.9666924,158,519,474,621,252,320,312.2045553,269.0486387,204.9,201,247.5,272.6915813,319.8,230.9,259,244,457,229.7,288.2769993,171.6,283.4,276,488
2013,6,81,96.4,43.14994723,83,66,70,43,64,31.5,64,97.16013086,69,95,158,78,186,103.1,52,88.22071654,45.9,84.46551582,20.8,64.61800022,87,232.8,114,63,75.71675793,26.3,52.08175594,2.7,47,32,104
2013,7,19,5.1,26.1652592,47,23,32,24,51,16.5,31,34.70722137,27,54,49,88,27,84.5,60,39.02708917,16.7,34.43381598,34.5,35.92404171,72.7,61,23,48,78,45.3,44.78531303,33.9,9.2,2.693864321,13
2013,8,13,64.9,61.86077973,40,44.00956542,94.65276537,126,84.91163267,126.5,113,100.3931456,34,119,75,18,92,55.8,48.06364148,52.98140149,87.1,67.7385061,59.3,77.56012476,92.8,113,23,50,108.1325521,98.5,89.86118315,45.96479441,39.97049363,69.55065742,114.7090117
2013,9,35,71.2,62.86863851,63.92932838,51.61539148,79.58362395,53.05042872,66.33101539,58.31226922,64.84788839,61.00482489,71,68.87599145,102.7295341,64.888452,76.23055123,67.4,68.6505762,78.10861199,26.6,68.16992973,77.3,85.42191223,99.2,167.1563752,145.6937865,157.4037573,80.01444395,79.6,65.80766235,51.45149134,61.47710216,54.4417774,93.01091519
2013,10,116,135,147.6618764,132.7341008,131.0922418,159.5479352,145.3677615,151.9123775,147.8016019,116.5463582,136.6983167,72,154.6392393,105.9707859,130.7204683,143.735779,164.6,79.25196011,104.0029805,68,125.3167634,53.5,59.73470776,40.8,137.8477673,168.6831751,108.1794999,250.227548,238.2,216.0179303,153.2089356,138.4756584,177.4115891,177.9226114
2013,11,254,238.1,211.2179378,228.0902428,234.075183,242.4977258,338.8540078,371.2931955,291.819558,239.9671883,238.700954,106,264.4835265,279.6195923,262.5428516,178.8267893,229.5,209.3317785,154.9951026,87.7,183.6701951,21,157.5673425,232,136.7019451,201.4439739,143.2202746,306.4473435,396.7,251.965227,305.3933581,302.0583674,382.1531082,267.3725505
2013,12,169,256.5,162.5466794,168.0057267,190.2633582,170.2798522,182.3376221,208.2177946,178.687861,146.400304,156.448677,95,178.0808455,227.6700357,230.7532886,142.1004201,136.9,187.443238,149.129688,126.4,140.6103485,105.4,131.267386,219.9,105.0518122,136.1002266,124.1354477,194.1591043,261.8,170.5743761,222.9896101,237.9226524,291.663331,268.0213859
